,date,weekday,day,month,year,bib6,bio6,bib8,bio8
0,10775,Monday,1,7,1929,141,141,169,169
1,10776,Tuesday,2,7,1929,141,141,169,169
2,10777,Wednesday,3,7,1929,141,141,169,169
3,10778,Thursday,4,7,1929,141,141,169,169
4,10779,Friday,5,7,1929,141,141,169,169
5,10780,Saturday,6,7,1929,141,141,169,169
6,10781,Sunday,7,7,1929,141,141,169,169
7,10782,Monday,8,7,1929,141,141,169,169
8,10783,Tuesday,9,7,1929,141,141,169,169
9,10784,Wednesday,10,7,1929,141,141,169,169
10,10785,Thursday,11,7,1929,141,141,169,169
11,10786,Friday,12,7,1929,141,141,169,169
12,10787,Saturday,13,7,1929,141,141,169,169
13,10788,Sunday,14,7,1929,141,141,169,169
14,10789,Monday,15,7,1929,141,141,169,169
15,10790,Tuesday,16,7,1929,141,141,169,169
16,10791,Wednesday,17,7,1929,141,141,169,169
17,10792,Thursday,18,7,1929,141,141,169,169
18,10793,Friday,19,7,1929,141,141,169,169
19,10794,Saturday,20,7,1929,141,141,169,169
20,10795,Sunday,21,7,1929,141,141,169,169
21,10796,Monday,22,7,1929,141,141,169,169
22,10797,Tuesday,23,7,1929,141,141,169,169
23,10798,Wednesday,24,7,1929,141,141,169,169
24,10799,Thursday,25,7,1929,141,141,169,169
25,10800,Friday,26,7,1929,141,141,169,169
26,10801,Saturday,27,7,1929,141,141,169,169
27,10802,Sunday,28,7,1929,141,141,169,169
28,10803,Monday,29,7,1929,141,141,169,169
29,10804,Tuesday,30,7,1929,141,141,169,169
30,10805,Wednesday,31,7,1929,141,141,169,169
31,10806,Thursday,1,8,1929,141,141,169,169
32,10807,Friday,2,8,1929,141,141,169,169
33,10808,Saturday,3,8,1929,141,141,169,169
34,10809,Sunday,4,8,1929,141,141,169,169
35,10810,Monday,5,8,1929,141,141,169,169
36,10811,Tuesday,6,8,1929,141,141,169,169
37,10812,Wednesday,7,8,1929,141,141,169,169
38,10813,Thursday,8,8,1929,141,141,169,169
39,10814,Friday,9,8,1929,141,141,169,169
40,10815,Saturday,10,8,1929,141,141,169,169
41,10816,Sunday,11,8,1929,141,141,169,169
42,10817,Monday,12,8,1929,141,141,169,169
43,10818,Tuesday,13,8,1929,141,141,169,169
44,10819,Wednesday,14,8,1929,141,141,169,169
45,10820,Thursday,15,8,1929,141,141,169,169
46,10821,Friday,16,8,1929,141,141,169,169
47,10822,Saturday,17,8,1929,141,141,169,169
48,10823,Sunday,18,8,1929,141,141,169,169
49,10824,Monday,19,8,1929,141,141,169,169
50,10825,Tuesday,20,8,1929,141,141,169,169
51,10826,Wednesday,21,8,1929,141,141,169,169
52,10827,Thursday,22,8,1929,141,141,169,169
53,10828,Friday,23,8,1929,141,141,169,169
54,10829,Saturday,24,8,1929,141,141,169,169
55,10830,Sunday,25,8,1929,141,141,169,169
56,10831,Monday,26,8,1929,141,141,169,169
57,10832,Tuesday,27,8,1929,141,141,169,169
58,10833,Wednesday,28,8,1929,141,141,169,169
59,10834,Thursday,29,8,1929,141,141,169,169
60,10835,Friday,30,8,1929,141,141,169,169
61,10836,Saturday,31,8,1929,141,141,169,169
62,10837,Sunday,1,9,1929,141,141,169,169
63,10838,Monday,2,9,1929,141,141,169,169
64,10839,Tuesday,3,9,1929,141,141,169,169
65,10840,Wednesday,4,9,1929,141,141,169,169
66,10841,Thursday,5,9,1929,141,141,169,169
67,10842,Friday,6,9,1929,141,141,169,169
68,10843,Saturday,7,9,1929,141,141,169,169
69,10844,Sunday,8,9,1929,141,141,169,169
70,10845,Monday,9,9,1929,141,141,169,169
71,10846,Tuesday,10,9,1929,141,141,169,169
72,10847,Wednesday,11,9,1929,141,141,169,169
73,10848,Thursday,12,9,1929,141,141,169,169
74,10849,Friday,13,9,1929,141,141,169,169
75,10850,Saturday,14,9,1929,141,141,169,169
76,10851,Sunday,15,9,1929,141,141,169,169
77,10852,Monday,16,9,1929,141,141,169,169
78,10853,Tuesday,17,9,1929,141,141,169,169
79,10854,Wednesday,18,9,1929,141,141,169,169
80,10855,Thursday,19,9,1929,141,141,170,170
81,10856,Friday,20,9,1929,141,141,170,170
82,10857,Saturday,21,9,1929,141,141,170,170
83,10858,Sunday,22,9,1929,141,141,170,170
84,10859,Monday,23,9,1929,141,141,170,170
85,10860,Tuesday,24,9,1929,141,141,170,170
86,10861,Wednesday,25,9,1929,141,141,170,170
87,10862,Thursday,26,9,1929,141,141,170,170
88,10863,Friday,27,9,1929,141,141,170,170
89,10864,Saturday,28,9,1929,141,141,170,170
90,10865,Sunday,29,9,1929,141,141,170,170
91,10866,Monday,30,9,1929,141,141,170,170
92,10867,Tuesday,1,10,1929,141,141,170,170
93,10868,Wednesday,2,10,1929,141,141,170,170
94,10869,Thursday,3,10,1929,141,141,170,170
95,10870,Friday,4,10,1929,141,141,170,170
96,10871,Saturday,5,10,1929,141,141,170,170
97,10872,Sunday,6,10,1929,141,141,170,170
98,10873,Monday,7,10,1929,141,141,170,170
99,10874,Tuesday,8,10,1929,141,141,170,170
100,10875,Wednesday,9,10,1929,141,141,170,170
101,10876,Thursday,10,10,1929,141,141,170,170
102,10877,Friday,11,10,1929,141,141,170,170
103,10878,Saturday,12,10,1929,141,141,170,170
104,10879,Sunday,13,10,1929,141,141,170,170
105,10880,Monday,14,10,1929,141,141,170,170
106,10881,Tuesday,15,10,1929,141,141,170,170
107,10882,Wednesday,16,10,1929,141,141,170,170
108,10883,Thursday,17,10,1929,141,141,170,170
109,10884,Friday,18,10,1929,141,141,170,170
110,10885,Saturday,19,10,1929,141,141,170,170
111,10886,Sunday,20,10,1929,141,141,170,170
112,10887,Monday,21,10,1929,141,141,170,170
113,10888,Tuesday,22,10,1929,141,141,170,170
114,10889,Wednesday,23,10,1929,141,141,170,170
115,10890,Thursday,24,10,1929,141,141,170,170
116,10891,Friday,25,10,1929,141,141,170,170
117,10892,Saturday,26,10,1929,141,141,170,170
118,10893,Sunday,27,10,1929,141,141,170,170
119,10894,Monday,28,10,1929,141,141,170,170
120,10895,Tuesday,29,10,1929,141,141,170,170
121,10896,Wednesday,30,10,1929,141,141,170,170
122,10897,Thursday,31,10,1929,141,141,170,170
123,10898,Friday,1,11,1929,141,141,170,170
124,10899,Saturday,2,11,1929,141,141,170,170
125,10900,Sunday,3,11,1929,141,141,170,170
126,10901,Monday,4,11,1929,141,141,170,170
127,10902,Tuesday,5,11,1929,141,141,170,170
128,10903,Wednesday,6,11,1929,141,141,170,170
129,10904,Thursday,7,11,1929,141,141,170,170
130,10905,Friday,8,11,1929,141,141,170,170
131,10906,Saturday,9,11,1929,141,141,170,170
132,10907,Sunday,10,11,1929,141,141,170,170
133,10908,Monday,11,11,1929,141,141,170,170
134,10909,Tuesday,12,11,1929,141,141,170,170
135,10910,Wednesday,13,11,1929,141,141,170,170
136,10911,Thursday,14,11,1929,141,141,170,170
137,10912,Friday,15,11,1929,141,141,170,170
138,10913,Saturday,16,11,1929,141,141,170,170
139,10914,Sunday,17,11,1929,141,141,170,170
140,10915,Monday,18,11,1929,141,141,170,170
141,10916,Tuesday,19,11,1929,141,141,170,170
142,10917,Wednesday,20,11,1929,141,141,170,170
143,10918,Thursday,21,11,1929,141,141,170,170
144,10919,Friday,22,11,1929,141,141,170,170
145,10920,Saturday,23,11,1929,141,141,170,170
146,10921,Sunday,24,11,1929,141,141,170,170
147,10922,Monday,25,11,1929,141,141,170,170
148,10923,Tuesday,26,11,1929,141,141,170,170
149,10924,Wednesday,27,11,1929,141,141,170,170
150,10925,Thursday,28,11,1929,141,141,170,170
151,10926,Friday,29,11,1929,141,141,170,170
152,10927,Saturday,30,11,1929,141,141,170,170
153,10928,Sunday,1,12,1929,141,141,170,170
154,10929,Monday,2,12,1929,141,141,170,170
155,10930,Tuesday,3,12,1929,141,141,170,170
156,10931,Wednesday,4,12,1929,141,141,170,170
157,10932,Thursday,5,12,1929,141,141,170,170
158,10933,Friday,6,12,1929,141,141,170,170
159,10934,Saturday,7,12,1929,141,141,170,170
160,10935,Sunday,8,12,1929,141,141,170,170
161,10936,Monday,9,12,1929,141,141,170,170
162,10937,Tuesday,10,12,1929,141,141,170,170
163,10938,Wednesday,11,12,1929,141,141,170,170
164,10939,Thursday,12,12,1929,141,141,170,170
165,10940,Friday,13,12,1929,141,141,170,170
166,10941,Saturday,14,12,1929,141,141,170,170
167,10942,Sunday,15,12,1929,141,141,170,170
168,10943,Monday,16,12,1929,141,141,170,170
169,10944,Tuesday,17,12,1929,141,141,170,170
170,10945,Wednesday,18,12,1929,141,141,170,170
171,10946,Thursday,19,12,1929,141,141,170,170
172,10947,Friday,20,12,1929,141,141,170,170
173,10948,Saturday,21,12,1929,141,141,170,170
174,10949,Sunday,22,12,1929,141,141,170,170
175,10950,Monday,23,12,1929,141,141,170,170
176,10951,Tuesday,24,12,1929,141,141,170,170
177,10952,Wednesday,25,12,1929,141,141,170,170
178,10953,Thursday,26,12,1929,141,141,170,170
179,10954,Friday,27,12,1929,141,141,170,170
180,10955,Saturday,28,12,1929,141,141,170,170
181,10956,Sunday,29,12,1929,141,141,170,170
182,10957,Monday,30,12,1929,141,141,170,170
183,10958,Tuesday,31,12,1929,141,141,169,169
184,10959,Wednesday,1,1,1930,141,141,169,169
185,10960,Thursday,2,1,1930,141,141,169,169
186,10961,Friday,3,1,1930,141,141,169,169
187,10962,Saturday,4,1,1930,141,141,169,169
188,10963,Sunday,5,1,1930,141,141,169,169
189,10964,Monday,6,1,1930,141,141,169,169
190,10965,Tuesday,7,1,1930,141,141,169,169
191,10966,Wednesday,8,1,1930,141,141,169,169
192,10967,Thursday,9,1,1930,141,141,169,169
193,10968,Friday,10,1,1930,141,141,169,169
194,10969,Saturday,11,1,1930,141,141,169,169
195,10970,Sunday,12,1,1930,141,141,169,169
196,10971,Monday,13,1,1930,141,141,169,169
197,10972,Tuesday,14,1,1930,141,141,169,169
198,10973,Wednesday,15,1,1930,141,141,169,169
199,10974,Thursday,16,1,1930,141,141,169,169
200,10975,Friday,17,1,1930,141,141,169,169
201,10976,Saturday,18,1,1930,141,141,169,169
202,10977,Sunday,19,1,1930,141,141,169,169
203,10978,Monday,20,1,1930,141,141,169,169
204,10979,Tuesday,21,1,1930,141,141,169,169
205,10980,Wednesday,22,1,1930,141,141,169,169
206,10981,Thursday,23,1,1930,141,141,169,169
207,10982,Friday,24,1,1930,141,141,169,169
208,10983,Saturday,25,1,1930,141,141,169,169
209,10984,Sunday,26,1,1930,141,141,169,169
210,10985,Monday,27,1,1930,141,141,169,169
211,10986,Tuesday,28,1,1930,141,141,169,169
212,10987,Wednesday,29,1,1930,141,141,169,169
213,10988,Thursday,30,1,1930,141,141,169,169
214,10989,Friday,31,1,1930,141,141,169,169
215,10990,Saturday,1,2,1930,141,141,169,169
216,10991,Sunday,2,2,1930,141,141,169,169
217,10992,Monday,3,2,1930,141,141,168,168
218,10993,Tuesday,4,2,1930,141,141,168,168
219,10994,Wednesday,5,2,1930,141,141,168,168
220,10995,Thursday,6,2,1930,141,141,168,168
221,10996,Friday,7,2,1930,141,141,168,168
222,10997,Saturday,8,2,1930,141,141,168,168
223,10998,Sunday,9,2,1930,141,141,168,168
224,10999,Monday,10,2,1930,141,141,168,168
225,11000,Tuesday,11,2,1930,141,141,168,168
226,11001,Wednesday,12,2,1930,141,141,168,168
227,11002,Thursday,13,2,1930,141,141,168,168
228,11003,Friday,14,2,1930,141,141,168,168
229,11004,Saturday,15,2,1930,141,141,168,168
230,11005,Sunday,16,2,1930,141,141,168,168
231,11006,Monday,17,2,1930,141,141,168,168
232,11007,Tuesday,18,2,1930,141,141,167,167
233,11008,Wednesday,19,2,1930,141,141,167,167
234,11009,Thursday,20,2,1930,141,141,167,167
235,11010,Friday,21,2,1930,141,141,167,167
236,11011,Saturday,22,2,1930,141,141,167,167
237,11012,Sunday,23,2,1930,141,141,166,166
238,11013,Monday,24,2,1930,141,141,166,166
239,11014,Tuesday,25,2,1930,141,141,166,166
240,11015,Wednesday,26,2,1930,141,141,166,166
241,11016,Thursday,27,2,1930,141,141,166,166
242,11017,Friday,28,2,1930,141,141,166,166
243,11018,Saturday,1,3,1930,141,141,166,166
244,11019,Sunday,2,3,1930,141,141,166,166
245,11020,Monday,3,3,1930,141,141,166,166
246,11021,Tuesday,4,3,1930,141,141,166,166
247,11022,Wednesday,5,3,1930,141,141,166,166
248,11023,Thursday,6,3,1930,141,141,166,166
249,11024,Friday,7,3,1930,141,141,166,166
250,11025,Saturday,8,3,1930,141,141,166,166
251,11026,Sunday,9,3,1930,141,141,166,166
252,11027,Monday,10,3,1930,141,141,166,166
253,11028,Tuesday,11,3,1930,142,142,166,166
254,11029,Wednesday,12,3,1930,142,142,166,166
255,11030,Thursday,13,3,1930,142,142,166,166
256,11031,Friday,14,3,1930,142,142,166,166
257,11032,Saturday,15,3,1930,141,141,166,166
258,11033,Sunday,16,3,1930,141,141,166,166
259,11034,Monday,17,3,1930,141,141,166,166
260,11035,Tuesday,18,3,1930,141,141,166,166
261,11036,Wednesday,19,3,1930,141,141,166,166
262,11037,Thursday,20,3,1930,141,141,166,166
263,11038,Friday,21,3,1930,141,141,166,166
264,11039,Saturday,22,3,1930,141,141,166,166
265,11040,Sunday,23,3,1930,141,141,166,166
266,11041,Monday,24,3,1930,141,141,166,166
267,11042,Tuesday,25,3,1930,141,141,166,166
268,11043,Wednesday,26,3,1930,141,141,166,166
269,11044,Thursday,27,3,1930,141,141,166,166
270,11045,Friday,28,3,1930,141,141,166,166
271,11046,Saturday,29,3,1930,141,141,166,166
272,11047,Sunday,30,3,1930,141,141,166,166
273,11048,Monday,31,3,1930,141,141,166,166
274,11049,Tuesday,1,4,1930,141,141,166,166
275,11050,Wednesday,2,4,1930,141,141,166,166
276,11051,Thursday,3,4,1930,141,141,166,166
277,11052,Friday,4,4,1930,140,140,166,166
278,11053,Saturday,5,4,1930,139,139,166,166
279,11054,Sunday,6,4,1930,139,139,166,166
280,11055,Monday,7,4,1930,139,139,166,166
281,11056,Tuesday,8,4,1930,139,139,166,166
282,11057,Wednesday,9,4,1930,139,139,166,166
283,11058,Thursday,10,4,1930,139,139,166,166
284,11059,Friday,11,4,1930,139,139,166,166
285,11060,Saturday,12,4,1930,139,139,166,166
286,11061,Sunday,13,4,1930,139,139,166,166
287,11062,Monday,14,4,1930,139,139,166,166
288,11063,Tuesday,15,4,1930,139,139,166,166
289,11064,Wednesday,16,4,1930,139,139,166,166
290,11065,Thursday,17,4,1930,139,139,166,166
291,11066,Friday,18,4,1930,139,139,166,166
292,11067,Saturday,19,4,1930,139,139,166,166
293,11068,Sunday,20,4,1930,139,139,165,165
294,11069,Monday,21,4,1930,139,139,165,165
295,11070,Tuesday,22,4,1930,139,139,165,165
296,11071,Wednesday,23,4,1930,139,139,165,165
297,11072,Thursday,24,4,1930,139,139,165,165
298,11073,Friday,25,4,1930,139,139,165,165
299,11074,Saturday,26,4,1930,139,139,165,165
300,11075,Sunday,27,4,1930,139,139,165,165
301,11076,Monday,28,4,1930,139,139,165,165
302,11077,Tuesday,29,4,1930,139,139,165,165
303,11078,Wednesday,30,4,1930,139,139,165,165
304,11079,Thursday,1,5,1930,139,139,165,165
305,11080,Friday,2,5,1930,139,139,165,165
306,11081,Saturday,3,5,1930,139,139,165,165
307,11082,Sunday,4,5,1930,139,139,165,165
308,11083,Monday,5,5,1930,139,139,165,165
309,11084,Tuesday,6,5,1930,139,139,166,166
310,11085,Wednesday,7,5,1930,139,139,166,166
311,11086,Thursday,8,5,1930,139,139,166,166
312,11087,Friday,9,5,1930,139,139,166,166
313,11088,Saturday,10,5,1930,139,139,166,166
314,11089,Sunday,11,5,1930,139,139,166,166
315,11090,Monday,12,5,1930,139,139,166,166
316,11091,Tuesday,13,5,1930,139,139,165,165
317,11092,Wednesday,14,5,1930,139,139,165,165
318,11093,Thursday,15,5,1930,139,139,165,165
319,11094,Friday,16,5,1930,138,138,165,165
320,11095,Saturday,17,5,1930,137,137,165,165
321,11096,Sunday,18,5,1930,137,137,165,165
322,11097,Monday,19,5,1930,137,137,165,165
323,11098,Tuesday,20,5,1930,137,137,165,165
324,11099,Wednesday,21,5,1930,137,137,165,165
325,11100,Thursday,22,5,1930,137,137,165,165
326,11101,Friday,23,5,1930,136,136,165,165
327,11102,Saturday,24,5,1930,136,136,165,165
328,11103,Sunday,25,5,1930,136,136,165,165
329,11104,Monday,26,5,1930,136,136,165,165
330,11105,Tuesday,27,5,1930,136,136,165,165
331,11106,Wednesday,28,5,1930,136,136,165,165
332,11107,Thursday,29,5,1930,136,136,165,165
333,11108,Friday,30,5,1930,136,136,165,165
334,11109,Saturday,31,5,1930,136,136,165,165
335,11110,Sunday,1,6,1930,136,136,165,165
336,11111,Monday,2,6,1930,136,136,165,165
337,11112,Tuesday,3,6,1930,136,136,165,165
338,11113,Wednesday,4,6,1930,136,136,165,165
339,11114,Thursday,5,6,1930,136,136,165,165
340,11115,Friday,6,6,1930,136,136,165,165
341,11116,Saturday,7,6,1930,136,136,165,165
342,11117,Sunday,8,6,1930,136,136,165,165
343,11118,Monday,9,6,1930,136,136,165,165
344,11119,Tuesday,10,6,1930,136,136,165,165
345,11120,Wednesday,11,6,1930,136,136,165,165
346,11121,Thursday,12,6,1930,136,136,165,165
347,11122,Friday,13,6,1930,136,136,165,165
348,11123,Saturday,14,6,1930,136,136,165,165
349,11124,Sunday,15,6,1930,136,136,165,165
350,11125,Monday,16,6,1930,136,136,165,165
351,11126,Tuesday,17,6,1930,136,136,165,165
352,11127,Wednesday,18,6,1930,136,136,165,165
353,11128,Thursday,19,6,1930,136,136,165,165
354,11129,Friday,20,6,1930,135,135,165,165
355,11130,Saturday,21,6,1930,135,135,165,165
356,11131,Sunday,22,6,1930,135,135,165,165
357,11132,Monday,23,6,1930,135,135,165,165
358,11133,Tuesday,24,6,1930,135,135,165,165
359,11134,Wednesday,25,6,1930,135,135,165,165
360,11135,Thursday,26,6,1930,135,135,165,165
361,11136,Friday,27,6,1930,135,135,165,165
362,11137,Saturday,28,6,1930,135,135,165,165
363,11138,Sunday,29,6,1930,135,135,165,165
364,11139,Monday,30,6,1930,135,135,165,165
365,11140,Tuesday,1,7,1930,135,135,165,165
366,11141,Wednesday,2,7,1930,135,135,165,165
367,11142,Thursday,3,7,1930,135,135,165,165
368,11143,Friday,4,7,1930,135,135,165,165
369,11144,Saturday,5,7,1930,135,135,165,165
370,11145,Sunday,6,7,1930,135,135,165,165
371,11146,Monday,7,7,1930,135,135,165,165
372,11147,Tuesday,8,7,1930,135,135,165,165
373,11148,Wednesday,9,7,1930,135,135,165,165
374,11149,Thursday,10,7,1930,135,135,165,165
375,11150,Friday,11,7,1930,135,135,165,165
376,11151,Saturday,12,7,1930,135,135,165,165
377,11152,Sunday,13,7,1930,135,135,165,165
378,11153,Monday,14,7,1930,135,135,165,165
379,11154,Tuesday,15,7,1930,135,135,165,165
380,11155,Wednesday,16,7,1930,135,135,165,165
381,11156,Thursday,17,7,1930,135,135,165,165
382,11157,Friday,18,7,1930,135,135,165,165
383,11158,Saturday,19,7,1930,135,135,165,165
384,11159,Sunday,20,7,1930,135,135,165,165
385,11160,Monday,21,7,1930,135,135,165,165
386,11161,Tuesday,22,7,1930,135,135,165,165
387,11162,Wednesday,23,7,1930,135,135,165,165
388,11163,Thursday,24,7,1930,135,135,165,165
389,11164,Friday,25,7,1930,135,135,165,165
390,11165,Saturday,26,7,1930,135,135,165,165
391,11166,Sunday,27,7,1930,135,135,165,165
392,11167,Monday,28,7,1930,135,135,165,165
393,11168,Tuesday,29,7,1930,135,135,165,165
394,11169,Wednesday,30,7,1930,135,135,165,165
395,11170,Thursday,31,7,1930,135,135,165,165
396,11171,Friday,1,8,1930,135,135,165,165
397,11172,Saturday,2,8,1930,135,135,165,165
398,11173,Sunday,3,8,1930,135,135,165,165
399,11174,Monday,4,8,1930,135,135,165,165
400,11175,Tuesday,5,8,1930,135,135,165,165
401,11176,Wednesday,6,8,1930,135,135,165,165
402,11177,Thursday,7,8,1930,135,135,165,165
403,11178,Friday,8,8,1930,135,135,165,165
404,11179,Saturday,9,8,1930,135,135,165,165
405,11180,Sunday,10,8,1930,135,135,166,166
406,11181,Monday,11,8,1930,135,135,166,166
407,11182,Tuesday,12,8,1930,135,135,166,166
408,11183,Wednesday,13,8,1930,135,135,166,166
409,11184,Thursday,14,8,1930,135,135,166,166
410,11185,Friday,15,8,1930,135,135,166,166
411,11186,Saturday,16,8,1930,135,135,166,166
412,11187,Sunday,17,8,1930,135,135,166,166
413,11188,Monday,18,8,1930,135,135,166,166
414,11189,Tuesday,19,8,1930,135,135,166,166
415,11190,Wednesday,20,8,1930,135,135,166,166
416,11191,Thursday,21,8,1930,135,135,166,166
417,11192,Friday,22,8,1930,135,135,166,166
418,11193,Saturday,23,8,1930,135,135,166,166
419,11194,Sunday,24,8,1930,135,135,166,166
420,11195,Monday,25,8,1930,133,133,166,166
421,11196,Tuesday,26,8,1930,133,133,166,166
422,11197,Wednesday,27,8,1930,133,133,166,166
423,11198,Thursday,28,8,1930,133,133,166,166
424,11199,Friday,29,8,1930,133,133,166,166
425,11200,Saturday,30,8,1930,133,133,166,166
426,11201,Sunday,31,8,1930,133,133,166,166
427,11202,Monday,1,9,1930,133,133,166,166
428,11203,Tuesday,2,9,1930,133,133,166,166
429,11204,Wednesday,3,9,1930,133,133,166,166
430,11205,Thursday,4,9,1930,133,133,166,166
431,11206,Friday,5,9,1930,133,133,166,166
432,11207,Saturday,6,9,1930,133,133,166,166
433,11208,Sunday,7,9,1930,133,133,166,166
434,11209,Monday,8,9,1930,133,133,166,166
435,11210,Tuesday,9,9,1930,133,133,166,166
436,11211,Wednesday,10,9,1930,133,133,166,166
437,11212,Thursday,11,9,1930,133,133,166,166
438,11213,Friday,12,9,1930,133,133,166,166
439,11214,Saturday,13,9,1930,133,133,166,166
440,11215,Sunday,14,9,1930,133,133,166,166
441,11216,Monday,15,9,1930,133,133,166,166
442,11217,Tuesday,16,9,1930,134,134,166,166
443,11218,Wednesday,17,9,1930,134,134,166,166
444,11219,Thursday,18,9,1930,134,134,166,166
445,11220,Friday,19,9,1930,134,134,166,166
446,11221,Saturday,20,9,1930,134,134,166,166
447,11222,Sunday,21,9,1930,134,134,166,166
448,11223,Monday,22,9,1930,134,134,166,166
449,11224,Tuesday,23,9,1930,134,134,166,166
450,11225,Wednesday,24,9,1930,134,134,166,166
451,11226,Thursday,25,9,1930,134,134,166,166
452,11227,Friday,26,9,1930,134,134,166,166
453,11228,Saturday,27,9,1930,134,134,166,166
454,11229,Sunday,28,9,1930,134,134,166,166
455,11230,Monday,29,9,1930,134,134,166,166
456,11231,Tuesday,30,9,1930,134,134,166,166
457,11232,Wednesday,1,10,1930,134,134,166,166
458,11233,Thursday,2,10,1930,134,134,166,166
459,11234,Friday,3,10,1930,134,133,166,166
460,11235,Saturday,4,10,1930,134,133,166,166
461,11236,Sunday,5,10,1930,134,133,166,166
462,11237,Monday,6,10,1930,134,133,166,166
463,11238,Tuesday,7,10,1930,134,133,166,166
464,11239,Wednesday,8,10,1930,134,133,166,166
465,11240,Thursday,9,10,1930,134,133,166,166
466,11241,Friday,10,10,1930,133,132,166,166
467,11242,Saturday,11,10,1930,133,132,166,166
468,11243,Sunday,12,10,1930,133,132,166,166
469,11244,Monday,13,10,1930,133,132,166,166
470,11245,Tuesday,14,10,1930,133,132,166,166
471,11246,Wednesday,15,10,1930,133,132,165,165
472,11247,Thursday,16,10,1930,133,132,165,165
473,11248,Friday,17,10,1930,133,132,165,165
474,11249,Saturday,18,10,1930,133,132,164,164
475,11250,Sunday,19,10,1930,133,132,163,163
476,11251,Monday,20,10,1930,133,132,163,163
477,11252,Tuesday,21,10,1930,133,132,163,163
478,11253,Wednesday,22,10,1930,133,132,163,163
479,11254,Thursday,23,10,1930,133,132,163,163
480,11255,Friday,24,10,1930,133,132,163,163
481,11256,Saturday,25,10,1930,133,132,163,163
482,11257,Sunday,26,10,1930,133,132,163,163
483,11258,Monday,27,10,1930,133,132,163,163
484,11259,Tuesday,28,10,1930,132,131,163,163
485,11260,Wednesday,29,10,1930,132,131,163,163
486,11261,Thursday,30,10,1930,132,131,163,163
487,11262,Friday,31,10,1930,132,131,163,163
488,11263,Saturday,1,11,1930,132,131,163,163
489,11264,Sunday,2,11,1930,131,130,163,163
490,11265,Monday,3,11,1930,131,130,163,163
491,11266,Tuesday,4,11,1930,131,130,163,163
492,11267,Wednesday,5,11,1930,131,130,163,163
493,11268,Thursday,6,11,1930,131,130,163,163
494,11269,Friday,7,11,1930,131,130,163,163
495,11270,Saturday,8,11,1930,131,130,163,163
496,11271,Sunday,9,11,1930,131,130,163,163
497,11272,Monday,10,11,1930,131,130,163,163
498,11273,Tuesday,11,11,1930,131,130,163,163
499,11274,Wednesday,12,11,1930,131,130,163,163
500,11275,Thursday,13,11,1930,131,130,163,163
501,11276,Friday,14,11,1930,131,130,163,163
502,11277,Saturday,15,11,1930,131,130,163,163
503,11278,Sunday,16,11,1930,131,130,163,163
504,11279,Monday,17,11,1930,131,130,163,163
505,11280,Tuesday,18,11,1930,131,130,163,163
506,11281,Wednesday,19,11,1930,131,130,163,163
507,11282,Thursday,20,11,1930,131,130,162,162
508,11283,Friday,21,11,1930,130,129,161,161
509,11284,Saturday,22,11,1930,130,129,161,161
510,11285,Sunday,23,11,1930,130,129,161,161
511,11286,Monday,24,11,1930,130,129,161,161
512,11287,Tuesday,25,11,1930,130,129,161,161
513,11288,Wednesday,26,11,1930,130,129,161,161
514,11289,Thursday,27,11,1930,130,129,161,160
515,11290,Friday,28,11,1930,130,129,161,160
516,11291,Saturday,29,11,1930,130,129,160,159
517,11292,Sunday,30,11,1930,130,129,160,159
518,11293,Monday,1,12,1930,130,129,160,159
519,11294,Tuesday,2,12,1930,130,129,160,159
520,11295,Wednesday,3,12,1930,130,129,160,159
521,11296,Thursday,4,12,1930,130,129,160,159
522,11297,Friday,5,12,1930,130,129,160,159
523,11298,Saturday,6,12,1930,130,129,160,159
524,11299,Sunday,7,12,1930,130,129,159,158
525,11300,Monday,8,12,1930,129,128,159,158
526,11301,Tuesday,9,12,1930,129,128,159,158
527,11302,Wednesday,10,12,1930,129,128,159,158
528,11303,Thursday,11,12,1930,129,128,159,158
529,11304,Friday,12,12,1930,129,128,159,158
530,11305,Saturday,13,12,1930,129,128,159,158
531,11306,Sunday,14,12,1930,129,128,159,158
532,11307,Monday,15,12,1930,129,128,159,158
533,11308,Tuesday,16,12,1930,129,128,159,158
534,11309,Wednesday,17,12,1930,129,128,158,157
535,11310,Thursday,18,12,1930,129,128,158,157
536,11311,Friday,19,12,1930,129,128,156,155
537,11312,Saturday,20,12,1930,129,128,153,151
538,11313,Sunday,21,12,1930,129,128,151,148
539,11314,Monday,22,12,1930,129,128,151,148
540,11315,Tuesday,23,12,1930,128,126,151,148
541,11316,Wednesday,24,12,1930,128,126,150,146
542,11317,Thursday,25,12,1930,128,126,144,139
543,11318,Friday,26,12,1930,128,126,144,138
544,11319,Saturday,27,12,1930,128,126,143,135
545,11320,Sunday,28,12,1930,128,126,143,134
546,11321,Monday,29,12,1930,128,126,143,134
547,11322,Tuesday,30,12,1930,128,125,143,134
548,11323,Wednesday,31,12,1930,128,123,140,129
549,11324,Thursday,1,1,1931,128,123,140,129
550,11325,Friday,2,1,1931,128,123,140,129
551,11326,Saturday,3,1,1931,128,123,138,124
552,11327,Sunday,4,1,1931,128,123,138,121
553,11328,Monday,5,1,1931,128,123,138,121
554,11329,Tuesday,6,1,1931,127,122,137,120
555,11330,Wednesday,7,1,1931,126,121,135,118
556,11331,Thursday,8,1,1931,126,121,135,118
557,11332,Friday,9,1,1931,126,121,134,116
558,11333,Saturday,10,1,1931,126,121,134,116
559,11334,Sunday,11,1,1931,126,121,133,112
560,11335,Monday,12,1,1931,125,120,133,112
561,11336,Tuesday,13,1,1931,125,119,133,112
562,11337,Wednesday,14,1,1931,124,118,133,111
563,11338,Thursday,15,1,1931,123,117,133,111
564,11339,Friday,16,1,1931,123,117,133,111
565,11340,Saturday,17,1,1931,123,117,133,111
566,11341,Sunday,18,1,1931,123,117,133,111
567,11342,Monday,19,1,1931,123,117,133,111
568,11343,Tuesday,20,1,1931,123,117,133,111
569,11344,Wednesday,21,1,1931,122,116,133,111
570,11345,Thursday,22,1,1931,122,114,133,111
571,11346,Friday,23,1,1931,122,114,133,111
572,11347,Saturday,24,1,1931,122,114,133,111
573,11348,Sunday,25,1,1931,122,114,133,112
574,11349,Monday,26,1,1931,122,114,133,112
575,11350,Tuesday,27,1,1931,121,113,133,112
576,11351,Wednesday,28,1,1931,121,113,133,112
577,11352,Thursday,29,1,1931,121,113,133,112
578,11353,Friday,30,1,1931,121,113,133,113
579,11354,Saturday,31,1,1931,121,114,133,113
580,11355,Sunday,1,2,1931,121,114,133,115
581,11356,Monday,2,2,1931,121,114,133,115
582,11357,Tuesday,3,2,1931,121,114,133,118
583,11358,Wednesday,4,2,1931,121,114,133,118
584,11359,Thursday,5,2,1931,121,114,133,118
585,11360,Friday,6,2,1931,121,114,133,119
586,11361,Saturday,7,2,1931,121,114,133,119
587,11362,Sunday,8,2,1931,121,114,133,118
588,11363,Monday,9,2,1931,121,114,133,118
589,11364,Tuesday,10,2,1931,121,114,133,118
590,11365,Wednesday,11,2,1931,121,114,133,119
591,11366,Thursday,12,2,1931,121,114,133,119
592,11367,Friday,13,2,1931,121,116,133,119
593,11368,Saturday,14,2,1931,121,116,133,119
594,11369,Sunday,15,2,1931,121,116,133,120
595,11370,Monday,16,2,1931,121,116,133,120
596,11371,Tuesday,17,2,1931,121,116,133,121
597,11372,Wednesday,18,2,1931,121,116,133,122
598,11373,Thursday,19,2,1931,121,116,133,122
599,11374,Friday,20,2,1931,121,116,133,122
600,11375,Saturday,21,2,1931,121,116,133,122
601,11376,Sunday,22,2,1931,121,117,133,119
602,11377,Monday,23,2,1931,121,117,133,119
603,11378,Tuesday,24,2,1931,121,117,133,121
604,11379,Wednesday,25,2,1931,121,117,133,121
605,11380,Thursday,26,2,1931,121,117,133,121
606,11381,Friday,27,2,1931,121,117,133,121
607,11382,Saturday,28,2,1931,121,117,133,121
608,11383,Sunday,1,3,1931,121,119,132,120
609,11384,Monday,2,3,1931,121,119,132,120
610,11385,Tuesday,3,3,1931,121,119,131,118
611,11386,Wednesday,4,3,1931,121,119,131,118
612,11387,Thursday,5,3,1931,121,119,131,118
613,11388,Friday,6,3,1931,121,119,131,118
614,11389,Saturday,7,3,1931,121,119,131,118
615,11390,Sunday,8,3,1931,121,119,131,118
616,11391,Monday,9,3,1931,121,119,131,118
617,11392,Tuesday,10,3,1931,121,119,131,118
618,11393,Wednesday,11,3,1931,121,119,132,119
619,11394,Thursday,12,3,1931,121,119,132,119
620,11395,Friday,13,3,1931,121,119,132,119
621,11396,Saturday,14,3,1931,121,119,132,119
622,11397,Sunday,15,3,1931,121,119,132,119
623,11398,Monday,16,3,1931,121,119,132,119
624,11399,Tuesday,17,3,1931,121,119,132,120
625,11400,Wednesday,18,3,1931,121,119,132,120
626,11401,Thursday,19,3,1931,121,119,132,120
627,11402,Friday,20,3,1931,121,120,132,120
628,11403,Saturday,21,3,1931,121,120,132,120
629,11404,Sunday,22,3,1931,121,120,132,120
630,11405,Monday,23,3,1931,121,120,132,120
631,11406,Tuesday,24,3,1931,121,120,132,120
632,11407,Wednesday,25,3,1931,121,120,132,121
633,11408,Thursday,26,3,1931,121,120,132,121
634,11409,Friday,27,3,1931,121,120,132,121
635,11410,Saturday,28,3,1931,121,120,132,121
636,11411,Sunday,29,3,1931,121,120,132,121
637,11412,Monday,30,3,1931,121,120,132,121
638,11413,Tuesday,31,3,1931,121,120,132,121
639,11414,Wednesday,1,4,1931,121,120,132,121
640,11415,Thursday,2,4,1931,121,120,132,121
641,11416,Friday,3,4,1931,121,120,132,121
642,11417,Saturday,4,4,1931,121,120,132,121
643,11418,Sunday,5,4,1931,121,120,132,121
644,11419,Monday,6,4,1931,121,120,132,121
645,11420,Tuesday,7,4,1931,121,120,132,122
646,11421,Wednesday,8,4,1931,121,120,132,122
647,11422,Thursday,9,4,1931,121,120,132,123
648,11423,Friday,10,4,1931,121,120,132,123
649,11424,Saturday,11,4,1931,121,120,132,123
650,11425,Sunday,12,4,1931,121,120,132,126
651,11426,Monday,13,4,1931,121,120,132,126
652,11427,Tuesday,14,4,1931,121,120,132,126
653,11428,Wednesday,15,4,1931,121,120,132,126
654,11429,Thursday,16,4,1931,121,120,132,126
655,11430,Friday,17,4,1931,121,120,132,126
656,11431,Saturday,18,4,1931,121,120,132,127
657,11432,Sunday,19,4,1931,121,120,132,127
658,11433,Monday,20,4,1931,121,120,132,127
659,11434,Tuesday,21,4,1931,121,120,132,127
660,11435,Wednesday,22,4,1931,121,120,132,128
661,11436,Thursday,23,4,1931,121,121,132,128
662,11437,Friday,24,4,1931,121,121,132,128
663,11438,Saturday,25,4,1931,121,121,132,128
664,11439,Sunday,26,4,1931,121,121,132,128
665,11440,Monday,27,4,1931,121,121,132,128
666,11441,Tuesday,28,4,1931,121,121,132,128
667,11442,Wednesday,29,4,1931,121,121,132,128
668,11443,Thursday,30,4,1931,121,121,132,128
669,11444,Friday,1,5,1931,121,121,132,128
670,11445,Saturday,2,5,1931,121,121,132,128
671,11446,Sunday,3,5,1931,121,121,132,128
672,11447,Monday,4,5,1931,121,121,132,128
673,11448,Tuesday,5,5,1931,121,121,132,128
674,11449,Wednesday,6,5,1931,121,121,132,128
675,11450,Thursday,7,5,1931,121,121,132,128
676,11451,Friday,8,5,1931,121,121,132,128
677,11452,Saturday,9,5,1931,121,121,132,128
678,11453,Sunday,10,5,1931,121,121,132,128
679,11454,Monday,11,5,1931,121,121,132,128
680,11455,Tuesday,12,5,1931,121,121,132,128
681,11456,Wednesday,13,5,1931,121,121,132,128
682,11457,Thursday,14,5,1931,121,121,132,128
683,11458,Friday,15,5,1931,121,121,132,128
684,11459,Saturday,16,5,1931,121,121,132,128
685,11460,Sunday,17,5,1931,121,121,132,128
686,11461,Monday,18,5,1931,121,121,132,128
687,11462,Tuesday,19,5,1931,121,121,132,128
688,11463,Wednesday,20,5,1931,121,121,132,128
689,11464,Thursday,21,5,1931,121,121,132,128
690,11465,Friday,22,5,1931,121,121,132,128
691,11466,Saturday,23,5,1931,121,121,132,128
692,11467,Sunday,24,5,1931,121,121,132,129
693,11468,Monday,25,5,1931,121,121,132,129
694,11469,Tuesday,26,5,1931,121,121,132,129
695,11470,Wednesday,27,5,1931,121,121,132,129
696,11471,Thursday,28,5,1931,121,121,132,129
697,11472,Friday,29,5,1931,121,121,132,129
698,11473,Saturday,30,5,1931,121,121,132,129
699,11474,Sunday,31,5,1931,121,121,132,129
700,11475,Monday,1,6,1931,121,121,132,129
701,11476,Tuesday,2,6,1931,121,121,132,129
702,11477,Wednesday,3,6,1931,121,121,132,129
703,11478,Thursday,4,6,1931,121,121,132,129
704,11479,Friday,5,6,1931,121,121,132,129
705,11480,Saturday,6,6,1931,121,121,132,129
706,11481,Sunday,7,6,1931,121,121,132,129
707,11482,Monday,8,6,1931,121,121,132,129
708,11483,Tuesday,9,6,1931,121,121,132,129
709,11484,Wednesday,10,6,1931,121,121,132,129
710,11485,Thursday,11,6,1931,121,121,132,129
711,11486,Friday,12,6,1931,121,121,132,129
712,11487,Saturday,13,6,1931,121,121,132,129
713,11488,Sunday,14,6,1931,121,121,132,129
714,11489,Monday,15,6,1931,121,121,132,129
715,11490,Tuesday,16,6,1931,121,121,132,129
716,11491,Wednesday,17,6,1931,121,121,132,129
717,11492,Thursday,18,6,1931,121,121,132,129
718,11493,Friday,19,6,1931,121,121,132,129
719,11494,Saturday,20,6,1931,121,121,132,129
720,11495,Sunday,21,6,1931,121,121,132,129
721,11496,Monday,22,6,1931,121,121,132,129
722,11497,Tuesday,23,6,1931,121,121,132,129
723,11498,Wednesday,24,6,1931,121,121,132,129
724,11499,Thursday,25,6,1931,121,121,132,130
725,11500,Friday,26,6,1931,121,121,132,130
726,11501,Saturday,27,6,1931,121,121,132,130
727,11502,Sunday,28,6,1931,121,121,132,130
728,11503,Monday,29,6,1931,121,121,132,130
729,11504,Tuesday,30,6,1931,121,121,132,130
730,11505,Wednesday,1,7,1931,121,121,132,130
731,11506,Thursday,2,7,1931,121,121,132,130
732,11507,Friday,3,7,1931,121,121,132,130
733,11508,Saturday,4,7,1931,121,121,132,130
734,11509,Sunday,5,7,1931,121,121,132,130
735,11510,Monday,6,7,1931,121,121,132,130
736,11511,Tuesday,7,7,1931,121,121,132,130
737,11512,Wednesday,8,7,1931,121,121,132,130
738,11513,Thursday,9,7,1931,121,121,132,130
739,11514,Friday,10,7,1931,121,121,132,130
740,11515,Saturday,11,7,1931,121,121,132,130
741,11516,Sunday,12,7,1931,121,121,132,130
742,11517,Monday,13,7,1931,121,121,132,130
743,11518,Tuesday,14,7,1931,121,121,132,130
744,11519,Wednesday,15,7,1931,121,121,132,130
745,11520,Thursday,16,7,1931,121,121,132,130
746,11521,Friday,17,7,1931,121,121,132,130
747,11522,Saturday,18,7,1931,121,121,132,130
748,11523,Sunday,19,7,1931,121,121,132,130
749,11524,Monday,20,7,1931,121,121,132,130
750,11525,Tuesday,21,7,1931,121,121,132,130
751,11526,Wednesday,22,7,1931,121,121,132,130
752,11527,Thursday,23,7,1931,121,121,132,130
753,11528,Friday,24,7,1931,121,121,132,130
754,11529,Saturday,25,7,1931,121,121,132,130
755,11530,Sunday,26,7,1931,121,121,132,130
756,11531,Monday,27,7,1931,121,121,132,130
757,11532,Tuesday,28,7,1931,121,121,132,130
758,11533,Wednesday,29,7,1931,121,121,132,130
759,11534,Thursday,30,7,1931,121,121,132,130
760,11535,Friday,31,7,1931,121,121,132,130
761,11536,Saturday,1,8,1931,121,121,132,130
762,11537,Sunday,2,8,1931,121,121,132,130
763,11538,Monday,3,8,1931,121,121,132,130
764,11539,Tuesday,4,8,1931,121,121,132,130
765,11540,Wednesday,5,8,1931,121,121,132,130
766,11541,Thursday,6,8,1931,121,121,132,130
767,11542,Friday,7,8,1931,121,121,132,130
768,11543,Saturday,8,8,1931,121,121,132,130
769,11544,Sunday,9,8,1931,121,121,132,130
770,11545,Monday,10,8,1931,121,121,132,130
771,11546,Tuesday,11,8,1931,121,121,132,130
772,11547,Wednesday,12,8,1931,121,121,132,130
773,11548,Thursday,13,8,1931,121,121,132,130
774,11549,Friday,14,8,1931,121,121,132,130
775,11550,Saturday,15,8,1931,121,121,132,130
776,11551,Sunday,16,8,1931,121,121,132,130
777,11552,Monday,17,8,1931,121,121,132,130
778,11553,Tuesday,18,8,1931,121,121,132,130
779,11554,Wednesday,19,8,1931,121,121,132,130
780,11555,Thursday,20,8,1931,121,121,132,130
781,11556,Friday,21,8,1931,121,121,132,130
782,11557,Saturday,22,8,1931,121,121,132,130
783,11558,Sunday,23,8,1931,121,121,132,130
784,11559,Monday,24,8,1931,121,121,132,130
785,11560,Tuesday,25,8,1931,121,121,132,130
786,11561,Wednesday,26,8,1931,121,121,132,130
787,11562,Thursday,27,8,1931,121,121,132,130
788,11563,Friday,28,8,1931,121,121,132,130
789,11564,Saturday,29,8,1931,121,121,132,130
790,11565,Sunday,30,8,1931,121,121,132,130
791,11566,Monday,31,8,1931,121,121,132,130
792,11567,Tuesday,1,9,1931,121,121,132,130
793,11568,Wednesday,2,9,1931,121,121,132,130
794,11569,Thursday,3,9,1931,121,121,132,130
795,11570,Friday,4,9,1931,121,121,132,130
796,11571,Saturday,5,9,1931,121,121,132,130
797,11572,Sunday,6,9,1931,121,121,132,130
798,11573,Monday,7,9,1931,121,121,132,130
799,11574,Tuesday,8,9,1931,121,121,132,130
800,11575,Wednesday,9,9,1931,121,121,132,130
801,11576,Thursday,10,9,1931,121,121,132,130
802,11577,Friday,11,9,1931,121,121,132,130
803,11578,Saturday,12,9,1931,121,121,132,130
804,11579,Sunday,13,9,1931,121,121,132,130
805,11580,Monday,14,9,1931,121,121,132,130
806,11581,Tuesday,15,9,1931,121,121,132,130
807,11582,Wednesday,16,9,1931,121,121,132,130
808,11583,Thursday,17,9,1931,121,121,132,130
809,11584,Friday,18,9,1931,120,120,132,130
810,11585,Saturday,19,9,1931,120,120,132,130
811,11586,Sunday,20,9,1931,120,120,132,130
812,11587,Monday,21,9,1931,120,120,132,130
813,11588,Tuesday,22,9,1931,119,119,132,130
814,11589,Wednesday,23,9,1931,119,119,132,130
815,11590,Thursday,24,9,1931,119,119,132,130
816,11591,Friday,25,9,1931,119,119,132,130
817,11592,Saturday,26,9,1931,119,119,132,130
818,11593,Sunday,27,9,1931,119,119,132,130
819,11594,Monday,28,9,1931,119,119,132,130
820,11595,Tuesday,29,9,1931,119,119,132,130
821,11596,Wednesday,30,9,1931,119,119,132,130
822,11597,Thursday,1,10,1931,119,119,132,130
823,11598,Friday,2,10,1931,119,119,132,130
824,11599,Saturday,3,10,1931,119,119,132,130
825,11600,Sunday,4,10,1931,119,119,132,130
826,11601,Monday,5,10,1931,119,119,131,129
827,11602,Tuesday,6,10,1931,119,119,131,129
828,11603,Wednesday,7,10,1931,119,119,131,129
829,11604,Thursday,8,10,1931,119,119,131,129
830,11605,Friday,9,10,1931,119,119,131,129
831,11606,Saturday,10,10,1931,119,119,131,129
832,11607,Sunday,11,10,1931,119,119,131,129
833,11608,Monday,12,10,1931,119,119,131,129
834,11609,Tuesday,13,10,1931,118,118,131,129
835,11610,Wednesday,14,10,1931,118,118,131,129
836,11611,Thursday,15,10,1931,118,118,131,129
837,11612,Friday,16,10,1931,118,117,131,129
838,11613,Saturday,17,10,1931,118,117,131,129
839,11614,Sunday,18,10,1931,118,117,131,129
840,11615,Monday,19,10,1931,118,117,131,129
841,11616,Tuesday,20,10,1931,118,117,131,129
842,11617,Wednesday,21,10,1931,118,117,131,129
843,11618,Thursday,22,10,1931,118,117,131,129
844,11619,Friday,23,10,1931,118,117,131,129
845,11620,Saturday,24,10,1931,118,117,131,129
846,11621,Sunday,25,10,1931,118,117,131,130
847,11622,Monday,26,10,1931,118,117,131,130
848,11623,Tuesday,27,10,1931,118,116,131,130
849,11624,Wednesday,28,10,1931,118,116,131,130
850,11625,Thursday,29,10,1931,118,116,131,130
851,11626,Friday,30,10,1931,118,116,131,130
852,11627,Saturday,31,10,1931,118,116,131,130
853,11628,Sunday,1,11,1931,118,116,131,130
854,11629,Monday,2,11,1931,118,116,131,130
855,11630,Tuesday,3,11,1931,118,116,131,130
856,11631,Wednesday,4,11,1931,118,116,131,130
857,11632,Thursday,5,11,1931,118,116,131,130
858,11633,Friday,6,11,1931,118,116,131,130
859,11634,Saturday,7,11,1931,118,116,131,130
860,11635,Sunday,8,11,1931,118,116,131,130
861,11636,Monday,9,11,1931,118,116,131,130
862,11637,Tuesday,10,11,1931,118,116,131,130
863,11638,Wednesday,11,11,1931,118,116,131,130
864,11639,Thursday,12,11,1931,118,116,131,130
865,11640,Friday,13,11,1931,118,116,131,130
866,11641,Saturday,14,11,1931,118,115,131,130
867,11642,Sunday,15,11,1931,117,114,131,130
868,11643,Monday,16,11,1931,117,114,131,130
869,11644,Tuesday,17,11,1931,117,114,130,129
870,11645,Wednesday,18,11,1931,117,114,130,129
871,11646,Thursday,19,11,1931,117,114,130,129
872,11647,Friday,20,11,1931,117,114,130,129
873,11648,Saturday,21,11,1931,117,114,129,128
874,11649,Sunday,22,11,1931,117,114,129,128
875,11650,Monday,23,11,1931,117,114,129,128
876,11651,Tuesday,24,11,1931,117,114,129,128
877,11652,Wednesday,25,11,1931,117,114,129,128
878,11653,Thursday,26,11,1931,117,114,128,127
879,11654,Friday,27,11,1931,117,114,128,127
880,11655,Saturday,28,11,1931,116,112,128,127
881,11656,Sunday,29,11,1931,116,112,128,127
882,11657,Monday,30,11,1931,116,112,128,127
883,11658,Tuesday,1,12,1931,116,111,128,127
884,11659,Wednesday,2,12,1931,116,111,128,127
885,11660,Thursday,3,12,1931,116,111,128,127
886,11661,Friday,4,12,1931,116,111,128,127
887,11662,Saturday,5,12,1931,116,110,128,127
888,11663,Sunday,6,12,1931,116,109,128,127
889,11664,Monday,7,12,1931,116,109,128,127
890,11665,Tuesday,8,12,1931,116,109,128,127
891,11666,Wednesday,9,12,1931,116,109,128,127
892,11667,Thursday,10,12,1931,116,108,128,127
893,11668,Friday,11,12,1931,116,108,128,127
894,11669,Saturday,12,12,1931,116,108,128,127
895,11670,Sunday,13,12,1931,116,108,128,127
896,11671,Monday,14,12,1931,116,108,128,127
897,11672,Tuesday,15,12,1931,116,108,128,127
898,11673,Wednesday,16,12,1931,116,108,128,127
899,11674,Thursday,17,12,1931,116,108,127,125
900,11675,Friday,18,12,1931,116,108,127,125
901,11676,Saturday,19,12,1931,116,108,127,125
902,11677,Sunday,20,12,1931,116,108,126,124
903,11678,Monday,21,12,1931,116,108,126,124
904,11679,Tuesday,22,12,1931,116,108,126,124
905,11680,Wednesday,23,12,1931,116,108,124,122
906,11681,Thursday,24,12,1931,116,108,124,122
907,11682,Friday,25,12,1931,116,108,123,121
908,11683,Saturday,26,12,1931,116,108,123,121
909,11684,Sunday,27,12,1931,116,108,122,120
910,11685,Monday,28,12,1931,116,108,122,120
911,11686,Tuesday,29,12,1931,116,108,122,120
912,11687,Wednesday,30,12,1931,116,108,120,118
913,11688,Thursday,31,12,1931,116,108,120,118
914,11689,Friday,1,1,1932,116,108,120,118
915,11690,Saturday,2,1,1932,116,108,120,118
916,11691,Sunday,3,1,1932,116,108,121,118
917,11692,Monday,4,1,1932,116,108,121,118
918,11693,Tuesday,5,1,1932,116,108,120,116
919,11694,Wednesday,6,1,1932,116,108,120,116
920,11695,Thursday,7,1,1932,115,107,120,116
921,11696,Friday,8,1,1932,115,107,120,116
922,11697,Saturday,9,1,1932,115,107,120,115
923,11698,Sunday,10,1,1932,115,107,120,115
924,11699,Monday,11,1,1932,115,107,120,115
925,11700,Tuesday,12,1,1932,114,107,120,115
926,11701,Wednesday,13,1,1932,114,107,120,115
927,11702,Thursday,14,1,1932,114,107,120,115
928,11703,Friday,15,1,1932,114,107,120,115
929,11704,Saturday,16,1,1932,114,107,120,115
930,11705,Sunday,17,1,1932,114,107,120,115
931,11706,Monday,18,1,1932,114,107,120,115
932,11707,Tuesday,19,1,1932,114,107,120,115
933,11708,Wednesday,20,1,1932,114,107,120,115
934,11709,Thursday,21,1,1932,114,107,120,115
935,11710,Friday,22,1,1932,114,107,120,115
936,11711,Saturday,23,1,1932,114,107,120,115
937,11712,Sunday,24,1,1932,114,107,120,115
938,11713,Monday,25,1,1932,114,107,120,115
939,11714,Tuesday,26,1,1932,114,107,120,115
940,11715,Wednesday,27,1,1932,114,107,120,115
941,11716,Thursday,28,1,1932,114,107,120,115
942,11717,Friday,29,1,1932,114,107,120,115
943,11718,Saturday,30,1,1932,114,107,120,115
944,11719,Sunday,31,1,1932,114,107,120,115
945,11720,Monday,1,2,1932,114,107,120,115
946,11721,Tuesday,2,2,1932,114,107,120,115
947,11722,Wednesday,3,2,1932,114,107,120,115
948,11723,Thursday,4,2,1932,114,107,120,115
949,11724,Friday,5,2,1932,114,107,120,115
950,11725,Saturday,6,2,1932,114,107,120,115
951,11726,Sunday,7,2,1932,114,107,120,115
952,11727,Monday,8,2,1932,114,107,120,115
953,11728,Tuesday,9,2,1932,114,107,120,115
954,11729,Wednesday,10,2,1932,114,107,120,115
955,11730,Thursday,11,2,1932,114,107,120,115
956,11731,Friday,12,2,1932,114,107,120,115
957,11732,Saturday,13,2,1932,114,108,120,115
958,11733,Sunday,14,2,1932,114,108,120,115
959,11734,Monday,15,2,1932,114,108,120,115
960,11735,Tuesday,16,2,1932,114,108,120,116
961,11736,Wednesday,17,2,1932,114,108,120,116
962,11737,Thursday,18,2,1932,114,108,120,116
963,11738,Friday,19,2,1932,114,108,120,116
964,11739,Saturday,20,2,1932,114,108,120,116
965,11740,Sunday,21,2,1932,114,108,120,116
966,11741,Monday,22,2,1932,114,108,120,116
967,11742,Tuesday,23,2,1932,114,108,120,116
968,11743,Wednesday,24,2,1932,114,108,120,116
969,11744,Thursday,25,2,1932,114,108,120,116
970,11745,Friday,26,2,1932,114,108,120,116
971,11746,Saturday,27,2,1932,114,108,120,116
972,11747,Sunday,28,2,1932,114,109,120,117
973,11748,Monday,29,2,1932,114,109,120,117
974,11749,Tuesday,1,3,1932,114,109,120,117
975,11750,Wednesday,2,3,1932,114,109,120,117
976,11751,Thursday,3,3,1932,114,109,120,117
977,11752,Friday,4,3,1932,114,109,120,117
978,11753,Saturday,5,3,1932,114,109,120,117
979,11754,Sunday,6,3,1932,114,109,120,117
980,11755,Monday,7,3,1932,114,109,120,117
981,11756,Tuesday,8,3,1932,114,109,120,117
982,11757,Wednesday,9,3,1932,114,109,120,117
983,11758,Thursday,10,3,1932,114,109,120,117
984,11759,Friday,11,3,1932,114,108,120,117
985,11760,Saturday,12,3,1932,114,108,120,117
986,11761,Sunday,13,3,1932,114,108,120,118
987,11762,Monday,14,3,1932,114,108,120,118
988,11763,Tuesday,15,3,1932,114,108,120,118
989,11764,Wednesday,16,3,1932,114,108,120,119
990,11765,Thursday,17,3,1932,114,108,120,119
991,11766,Friday,18,3,1932,114,108,120,119
992,11767,Saturday,19,3,1932,114,108,120,119
993,11768,Sunday,20,3,1932,114,108,120,119
994,11769,Monday,21,3,1932,114,108,120,119
995,11770,Tuesday,22,3,1932,114,108,120,119
996,11771,Wednesday,23,3,1932,114,108,120,119
997,11772,Thursday,24,3,1932,114,108,120,119
998,11773,Friday,25,3,1932,114,108,120,119
999,11774,Saturday,26,3,1932,114,108,120,119
1000,11775,Sunday,27,3,1932,114,108,120,119
1001,11776,Monday,28,3,1932,114,108,120,119
1002,11777,Tuesday,29,3,1932,114,109,120,119
1003,11778,Wednesday,30,3,1932,114,109,120,119
1004,11779,Thursday,31,3,1932,114,109,120,119
1005,11780,Friday,1,4,1932,114,109,120,119
1006,11781,Saturday,2,4,1932,114,109,120,119
1007,11782,Sunday,3,4,1932,114,109,120,119
1008,11783,Monday,4,4,1932,114,109,120,119
1009,11784,Tuesday,5,4,1932,114,109,120,119
1010,11785,Wednesday,6,4,1932,114,109,120,119
1011,11786,Thursday,7,4,1932,114,109,120,119
1012,11787,Friday,8,4,1932,114,109,120,119
1013,11788,Saturday,9,4,1932,114,109,120,119
1014,11789,Sunday,10,4,1932,114,109,120,119
1015,11790,Monday,11,4,1932,114,109,120,119
1016,11791,Tuesday,12,4,1932,114,109,120,119
1017,11792,Wednesday,13,4,1932,114,109,120,119
1018,11793,Thursday,14,4,1932,114,109,120,119
1019,11794,Friday,15,4,1932,114,109,120,119
1020,11795,Saturday,16,4,1932,114,109,120,119
1021,11796,Sunday,17,4,1932,114,109,120,119
1022,11797,Monday,18,4,1932,114,109,120,119
1023,11798,Tuesday,19,4,1932,114,109,120,119
1024,11799,Wednesday,20,4,1932,114,109,120,119
1025,11800,Thursday,21,4,1932,114,109,120,119
1026,11801,Friday,22,4,1932,114,109,120,119
1027,11802,Saturday,23,4,1932,114,109,120,119
1028,11803,Sunday,24,4,1932,114,109,120,119
1029,11804,Monday,25,4,1932,114,109,120,119
1030,11805,Tuesday,26,4,1932,114,109,120,119
1031,11806,Wednesday,27,4,1932,114,109,120,119
1032,11807,Thursday,28,4,1932,114,109,120,119
1033,11808,Friday,29,4,1932,114,109,120,119
1034,11809,Saturday,30,4,1932,114,109,120,119
1035,11810,Sunday,1,5,1932,114,109,120,119
1036,11811,Monday,2,5,1932,114,109,120,119
1037,11812,Tuesday,3,5,1932,114,109,120,119
1038,11813,Wednesday,4,5,1932,114,109,120,119
1039,11814,Thursday,5,5,1932,114,109,120,119
1040,11815,Friday,6,5,1932,114,109,120,119
1041,11816,Saturday,7,5,1932,114,109,120,119
1042,11817,Sunday,8,5,1932,114,109,120,119
1043,11818,Monday,9,5,1932,114,109,120,119
1044,11819,Tuesday,10,5,1932,114,109,120,119
1045,11820,Wednesday,11,5,1932,114,110,120,119
1046,11821,Thursday,12,5,1932,114,110,120,119
1047,11822,Friday,13,5,1932,114,110,120,119
1048,11823,Saturday,14,5,1932,114,110,120,119
1049,11824,Sunday,15,5,1932,114,110,120,119
1050,11825,Monday,16,5,1932,114,110,120,119
1051,11826,Tuesday,17,5,1932,114,110,120,119
1052,11827,Wednesday,18,5,1932,114,110,120,119
1053,11828,Thursday,19,5,1932,114,110,120,119
1054,11829,Friday,20,5,1932,114,110,120,119
1055,11830,Saturday,21,5,1932,114,110,120,119
1056,11831,Sunday,22,5,1932,115,111,120,119
1057,11832,Monday,23,5,1932,115,111,120,119
1058,11833,Tuesday,24,5,1932,115,111,120,119
1059,11834,Wednesday,25,5,1932,115,111,120,119
1060,11835,Thursday,26,5,1932,115,111,120,118
1061,11836,Friday,27,5,1932,115,111,120,118
1062,11837,Saturday,28,5,1932,115,111,120,118
1063,11838,Sunday,29,5,1932,115,111,120,118
1064,11839,Monday,30,5,1932,115,111,120,118
1065,11840,Tuesday,31,5,1932,115,111,120,118
1066,11841,Wednesday,1,6,1932,115,111,120,118
1067,11842,Thursday,2,6,1932,115,112,120,118
1068,11843,Friday,3,6,1932,114,111,120,118
1069,11844,Saturday,4,6,1932,114,111,120,118
1070,11845,Sunday,5,6,1932,114,111,120,118
1071,11846,Monday,6,6,1932,114,111,120,118
1072,11847,Tuesday,7,6,1932,113,110,120,118
1073,11848,Wednesday,8,6,1932,113,111,120,118
1074,11849,Thursday,9,6,1932,113,111,120,118
1075,11850,Friday,10,6,1932,113,111,120,118
1076,11851,Saturday,11,6,1932,113,111,120,118
1077,11852,Sunday,12,6,1932,113,111,120,118
1078,11853,Monday,13,6,1932,113,111,120,118
1079,11854,Tuesday,14,6,1932,113,111,120,118
1080,11855,Wednesday,15,6,1932,113,111,120,118
1081,11856,Thursday,16,6,1932,113,111,120,118
1082,11857,Friday,17,6,1932,113,111,120,118
1083,11858,Saturday,18,6,1932,113,111,120,118
1084,11859,Sunday,19,6,1932,113,111,120,118
1085,11860,Monday,20,6,1932,113,111,120,118
1086,11861,Tuesday,21,6,1932,113,111,120,118
1087,11862,Wednesday,22,6,1932,113,111,120,118
1088,11863,Thursday,23,6,1932,113,111,120,118
1089,11864,Friday,24,6,1932,113,111,120,118
1090,11865,Saturday,25,6,1932,113,111,120,118
1091,11866,Sunday,26,6,1932,113,111,120,118
1092,11867,Monday,27,6,1932,113,111,120,118
1093,11868,Tuesday,28,6,1932,113,111,120,118
1094,11869,Wednesday,29,6,1932,113,111,120,118
1095,11870,Thursday,30,6,1932,113,111,120,118
1096,11871,Friday,1,7,1932,113,111,120,118
1097,11872,Saturday,2,7,1932,113,111,121,119
1098,11873,Sunday,3,7,1932,113,111,121,119
1099,11874,Monday,4,7,1932,113,111,121,119
1100,11875,Tuesday,5,7,1932,113,111,121,119
1101,11876,Wednesday,6,7,1932,112,110,121,119
1102,11877,Thursday,7,7,1932,112,110,121,119
1103,11878,Friday,8,7,1932,112,110,121,119
1104,11879,Saturday,9,7,1932,112,110,121,119
1105,11880,Sunday,10,7,1932,112,110,121,119
1106,11881,Monday,11,7,1932,112,110,121,119
1107,11882,Tuesday,12,7,1932,112,110,121,119
1108,11883,Wednesday,13,7,1932,112,110,121,119
1109,11884,Thursday,14,7,1932,112,110,121,119
1110,11885,Friday,15,7,1932,112,110,121,119
1111,11886,Saturday,16,7,1932,112,110,121,119
1112,11887,Sunday,17,7,1932,112,110,121,119
1113,11888,Monday,18,7,1932,112,110,121,119
1114,11889,Tuesday,19,7,1932,112,110,121,119
1115,11890,Wednesday,20,7,1932,112,110,121,119
1116,11891,Thursday,21,7,1932,112,110,121,119
1117,11892,Friday,22,7,1932,112,110,121,119
1118,11893,Saturday,23,7,1932,112,110,121,119
1119,11894,Sunday,24,7,1932,112,110,121,119
1120,11895,Monday,25,7,1932,112,110,121,119
1121,11896,Tuesday,26,7,1932,112,110,121,119
1122,11897,Wednesday,27,7,1932,112,110,121,119
1123,11898,Thursday,28,7,1932,112,110,121,119
1124,11899,Friday,29,7,1932,112,110,121,119
1125,11900,Saturday,30,7,1932,112,110,121,119
1126,11901,Sunday,31,7,1932,112,110,121,119
1127,11902,Monday,1,8,1932,112,110,121,119
1128,11903,Tuesday,2,8,1932,112,110,121,119
1129,11904,Wednesday,3,8,1932,112,110,121,119
1130,11905,Thursday,4,8,1932,112,110,121,119
1131,11906,Friday,5,8,1932,112,110,121,119
1132,11907,Saturday,6,8,1932,112,110,121,119
1133,11908,Sunday,7,8,1932,112,110,121,119
1134,11909,Monday,8,8,1932,112,110,121,119
1135,11910,Tuesday,9,8,1932,112,110,121,119
1136,11911,Wednesday,10,8,1932,112,110,121,119
1137,11912,Thursday,11,8,1932,112,110,121,119
1138,11913,Friday,12,8,1932,112,110,121,119
1139,11914,Saturday,13,8,1932,112,110,121,119
1140,11915,Sunday,14,8,1932,112,110,121,119
1141,11916,Monday,15,8,1932,112,110,121,119
1142,11917,Tuesday,16,8,1932,112,110,121,119
1143,11918,Wednesday,17,8,1932,112,110,121,119
1144,11919,Thursday,18,8,1932,112,110,121,119
1145,11920,Friday,19,8,1932,112,110,121,119
1146,11921,Saturday,20,8,1932,112,110,121,119
1147,11922,Sunday,21,8,1932,112,110,121,119
1148,11923,Monday,22,8,1932,112,110,121,119
1149,11924,Tuesday,23,8,1932,112,110,121,119
1150,11925,Wednesday,24,8,1932,112,110,121,119
1151,11926,Thursday,25,8,1932,112,110,121,119
1152,11927,Friday,26,8,1932,112,110,121,119
1153,11928,Saturday,27,8,1932,112,110,121,119
1154,11929,Sunday,28,8,1932,112,110,121,119
1155,11930,Monday,29,8,1932,112,110,121,119
1156,11931,Tuesday,30,8,1932,112,110,121,119
1157,11932,Wednesday,31,8,1932,112,110,121,119
1158,11933,Thursday,1,9,1932,112,110,121,119
1159,11934,Friday,2,9,1932,112,110,121,119
1160,11935,Saturday,3,9,1932,112,110,121,119
1161,11936,Sunday,4,9,1932,112,110,121,119
1162,11937,Monday,5,9,1932,112,110,121,119
1163,11938,Tuesday,6,9,1932,112,110,121,119
1164,11939,Wednesday,7,9,1932,112,110,121,119
1165,11940,Thursday,8,9,1932,112,110,121,119
1166,11941,Friday,9,9,1932,112,110,121,119
1167,11942,Saturday,10,9,1932,112,110,121,119
1168,11943,Sunday,11,9,1932,112,110,121,119
1169,11944,Monday,12,9,1932,112,110,121,119
1170,11945,Tuesday,13,9,1932,112,110,121,119
1171,11946,Wednesday,14,9,1932,112,110,121,119
1172,11947,Thursday,15,9,1932,112,110,121,119
1173,11948,Friday,16,9,1932,112,110,121,119
1174,11949,Saturday,17,9,1932,112,110,121,119
1175,11950,Sunday,18,9,1932,112,110,121,119
1176,11951,Monday,19,9,1932,112,110,121,119
1177,11952,Tuesday,20,9,1932,112,110,121,119
1178,11953,Wednesday,21,9,1932,112,110,121,119
1179,11954,Thursday,22,9,1932,112,110,121,119
1180,11955,Friday,23,9,1932,112,110,121,119
1181,11956,Saturday,24,9,1932,112,110,121,119
1182,11957,Sunday,25,9,1932,112,110,121,119
1183,11958,Monday,26,9,1932,112,110,121,119
1184,11959,Tuesday,27,9,1932,112,110,121,119
1185,11960,Wednesday,28,9,1932,112,110,121,119
1186,11961,Thursday,29,9,1932,112,110,121,119
1187,11962,Friday,30,9,1932,112,110,121,119
1188,11963,Saturday,1,10,1932,112,110,121,119
1189,11964,Sunday,2,10,1932,112,110,121,119
1190,11965,Monday,3,10,1932,112,110,121,119
1191,11966,Tuesday,4,10,1932,112,110,121,119
1192,11967,Wednesday,5,10,1932,112,110,121,119
1193,11968,Thursday,6,10,1932,112,110,121,119
1194,11969,Friday,7,10,1932,112,110,121,119
1195,11970,Saturday,8,10,1932,112,110,121,119
1196,11971,Sunday,9,10,1932,112,110,121,119
1197,11972,Monday,10,10,1932,112,110,121,119
1198,11973,Tuesday,11,10,1932,112,110,121,119
1199,11974,Wednesday,12,10,1932,112,110,121,119
1200,11975,Thursday,13,10,1932,112,110,121,119
1201,11976,Friday,14,10,1932,112,110,121,119
1202,11977,Saturday,15,10,1932,112,110,121,119
1203,11978,Sunday,16,10,1932,112,110,121,119
1204,11979,Monday,17,10,1932,112,110,121,119
1205,11980,Tuesday,18,10,1932,112,110,121,119
1206,11981,Wednesday,19,10,1932,112,110,121,119
1207,11982,Thursday,20,10,1932,112,110,121,119
1208,11983,Friday,21,10,1932,112,110,121,119
1209,11984,Saturday,22,10,1932,112,110,121,119
1210,11985,Sunday,23,10,1932,112,110,121,119
1211,11986,Monday,24,10,1932,112,110,121,119
1212,11987,Tuesday,25,10,1932,112,110,121,119
1213,11988,Wednesday,26,10,1932,112,110,121,119
1214,11989,Thursday,27,10,1932,112,110,121,119
1215,11990,Friday,28,10,1932,112,110,121,119
1216,11991,Saturday,29,10,1932,112,110,121,119
1217,11992,Sunday,30,10,1932,112,110,121,119
1218,11993,Monday,31,10,1932,112,110,121,119
1219,11994,Tuesday,1,11,1932,112,110,120,118
1220,11995,Wednesday,2,11,1932,112,110,120,118
1221,11996,Thursday,3,11,1932,112,110,120,118
1222,11997,Friday,4,11,1932,112,110,120,118
1223,11998,Saturday,5,11,1932,112,110,120,118
1224,11999,Sunday,6,11,1932,112,110,120,118
1225,12000,Monday,7,11,1932,112,110,120,118
1226,12001,Tuesday,8,11,1932,112,110,120,118
1227,12002,Wednesday,9,11,1932,112,110,120,118
1228,12003,Thursday,10,11,1932,112,110,120,118
1229,12004,Friday,11,11,1932,112,110,120,118
1230,12005,Saturday,12,11,1932,112,110,120,118
1231,12006,Sunday,13,11,1932,112,110,120,118
1232,12007,Monday,14,11,1932,112,110,120,118
1233,12008,Tuesday,15,11,1932,112,110,120,118
1234,12009,Wednesday,16,11,1932,112,110,120,118
1235,12010,Thursday,17,11,1932,112,110,120,118
1236,12011,Friday,18,11,1932,112,110,120,118
1237,12012,Saturday,19,11,1932,112,110,120,118
1238,12013,Sunday,20,11,1932,112,110,120,119
1239,12014,Monday,21,11,1932,112,110,120,119
1240,12015,Tuesday,22,11,1932,112,110,120,119
1241,12016,Wednesday,23,11,1932,112,110,121,120
1242,12017,Thursday,24,11,1932,112,110,121,120
1243,12018,Friday,25,11,1932,112,110,121,120
1244,12019,Saturday,26,11,1932,112,110,121,120
1245,12020,Sunday,27,11,1932,112,110,121,120
1246,12021,Monday,28,11,1932,112,110,121,120
1247,12022,Tuesday,29,11,1932,112,110,121,120
1248,12023,Wednesday,30,11,1932,112,110,121,120
1249,12024,Thursday,1,12,1932,112,110,121,120
1250,12025,Friday,2,12,1932,112,110,121,120
1251,12026,Saturday,3,12,1932,112,110,121,120
1252,12027,Sunday,4,12,1932,112,110,121,120
1253,12028,Monday,5,12,1932,112,110,121,120
1254,12029,Tuesday,6,12,1932,112,110,121,120
1255,12030,Wednesday,7,12,1932,112,110,121,120
1256,12031,Thursday,8,12,1932,112,110,121,120
1257,12032,Friday,9,12,1932,112,110,121,120
1258,12033,Saturday,10,12,1932,112,110,121,120
1259,12034,Sunday,11,12,1932,112,110,121,120
1260,12035,Monday,12,12,1932,112,110,121,120
1261,12036,Tuesday,13,12,1932,112,110,121,120
1262,12037,Wednesday,14,12,1932,112,110,121,120
1263,12038,Thursday,15,12,1932,112,110,121,120
1264,12039,Friday,16,12,1932,112,110,121,120
1265,12040,Saturday,17,12,1932,112,110,121,120
1266,12041,Sunday,18,12,1932,112,110,121,120
1267,12042,Monday,19,12,1932,112,110,121,120
1268,12043,Tuesday,20,12,1932,112,110,121,120
1269,12044,Wednesday,21,12,1932,112,110,121,120
1270,12045,Thursday,22,12,1932,112,110,121,120
1271,12046,Friday,23,12,1932,112,110,121,120
1272,12047,Saturday,24,12,1932,112,110,120,119
1273,12048,Sunday,25,12,1932,112,110,120,119
1274,12049,Monday,26,12,1932,112,110,120,119
1275,12050,Tuesday,27,12,1932,112,110,120,119
1276,12051,Wednesday,28,12,1932,112,110,120,119
1277,12052,Thursday,29,12,1932,112,110,120,119
1278,12053,Friday,30,12,1932,112,110,120,119
1279,12054,Saturday,31,12,1932,112,110,120,119
1280,12055,Sunday,1,1,1933,112,110,119,118
1281,12056,Monday,2,1,1933,112,110,119,118
1282,12057,Tuesday,3,1,1933,112,110,119,118
1283,12058,Wednesday,4,1,1933,112,110,119,118
1284,12059,Thursday,5,1,1933,112,110,119,118
1285,12060,Friday,6,1,1933,112,110,119,118
1286,12061,Saturday,7,1,1933,112,110,119,118
1287,12062,Sunday,8,1,1933,112,110,119,118
1288,12063,Monday,9,1,1933,112,110,119,118
1289,12064,Tuesday,10,1,1933,112,110,118,117
1290,12065,Wednesday,11,1,1933,112,110,118,117
1291,12066,Thursday,12,1,1933,112,110,118,117
1292,12067,Friday,13,1,1933,111,109,118,117
1293,12068,Saturday,14,1,1933,111,109,118,117
1294,12069,Sunday,15,1,1933,111,109,118,117
1295,12070,Monday,16,1,1933,111,109,118,117
1296,12071,Tuesday,17,1,1933,111,109,118,117
1297,12072,Wednesday,18,1,1933,111,109,118,117
1298,12073,Thursday,19,1,1933,111,109,118,117
1299,12074,Friday,20,1,1933,111,109,118,117
1300,12075,Saturday,21,1,1933,111,109,118,117
1301,12076,Sunday,22,1,1933,111,109,118,117
1302,12077,Monday,23,1,1933,111,109,118,117
1303,12078,Tuesday,24,1,1933,111,109,118,117
1304,12079,Wednesday,25,1,1933,111,109,118,117
1305,12080,Thursday,26,1,1933,111,109,118,117
1306,12081,Friday,27,1,1933,111,109,117,116
1307,12082,Saturday,28,1,1933,111,109,117,116
1308,12083,Sunday,29,1,1933,111,109,117,116
1309,12084,Monday,30,1,1933,111,109,117,116
1310,12085,Tuesday,31,1,1933,111,109,117,116
1311,12086,Wednesday,1,2,1933,111,109,117,116
1312,12087,Thursday,2,2,1933,111,109,117,116
1313,12088,Friday,3,2,1933,111,109,117,116
1314,12089,Saturday,4,2,1933,111,109,117,116
1315,12090,Sunday,5,2,1933,111,109,117,116
1316,12091,Monday,6,2,1933,111,109,117,116
1317,12092,Tuesday,7,2,1933,111,109,117,116
1318,12093,Wednesday,8,2,1933,110,108,117,116
1319,12094,Thursday,9,2,1933,110,108,117,116
1320,12095,Friday,10,2,1933,110,108,117,116
1321,12096,Saturday,11,2,1933,110,108,115,114
1322,12097,Sunday,12,2,1933,110,108,115,114
1323,12098,Monday,13,2,1933,110,108,115,114
1324,12099,Tuesday,14,2,1933,110,108,115,114
1325,12100,Wednesday,15,2,1933,110,108,115,114
1326,12101,Thursday,16,2,1933,110,108,113,112
1327,12102,Friday,17,2,1933,110,108,113,112
1328,12103,Saturday,18,2,1933,110,108,113,112
1329,12104,Sunday,19,2,1933,109,107,113,112
1330,12105,Monday,20,2,1933,109,107,113,112
1331,12106,Tuesday,21,2,1933,109,107,113,112
1332,12107,Wednesday,22,2,1933,109,107,113,112
1333,12108,Thursday,23,2,1933,109,107,113,112
1334,12109,Friday,24,2,1933,109,107,113,112
1335,12110,Saturday,25,2,1933,109,107,113,112
1336,12111,Sunday,26,2,1933,109,107,113,112
1337,12112,Monday,27,2,1933,109,107,113,112
1338,12113,Tuesday,28,2,1933,109,107,113,112
1339,12114,Wednesday,1,3,1933,109,107,113,112
1340,12115,Thursday,2,3,1933,109,107,113,112
1341,12116,Friday,3,3,1933,109,107,113,112
1342,12117,Saturday,4,3,1933,109,107,113,112
1343,12118,Sunday,5,3,1933,109,107,113,112
1344,12119,Monday,6,3,1933,109,107,113,112
1345,12120,Tuesday,7,3,1933,109,107,112,111
1346,12121,Wednesday,8,3,1933,109,107,112,111
1347,12122,Thursday,9,3,1933,109,107,112,111
1348,12123,Friday,10,3,1933,109,107,112,111
1349,12124,Saturday,11,3,1933,109,107,112,111
1350,12125,Sunday,12,3,1933,109,107,112,111
1351,12126,Monday,13,3,1933,109,107,112,111
1352,12127,Tuesday,14,3,1933,109,107,112,111
1353,12128,Wednesday,15,3,1933,109,107,112,111
1354,12129,Thursday,16,3,1933,109,107,112,111
1355,12130,Friday,17,3,1933,109,107,112,111
1356,12131,Saturday,18,3,1933,109,107,112,111
1357,12132,Sunday,19,3,1933,108,106,112,111
1358,12133,Monday,20,3,1933,108,106,112,111
1359,12134,Tuesday,21,3,1933,108,106,112,111
1360,12135,Wednesday,22,3,1933,108,106,112,111
1361,12136,Thursday,23,3,1933,108,106,112,111
1362,12137,Friday,24,3,1933,108,106,112,111
1363,12138,Saturday,25,3,1933,108,106,112,111
1364,12139,Sunday,26,3,1933,107,105,112,111
1365,12140,Monday,27,3,1933,107,105,112,111
1366,12141,Tuesday,28,3,1933,107,105,112,111
1367,12142,Wednesday,29,3,1933,107,105,112,111
1368,12143,Thursday,30,3,1933,107,105,112,111
1369,12144,Friday,31,3,1933,107,105,112,111
1370,12145,Saturday,1,4,1933,107,105,112,111
1371,12146,Sunday,2,4,1933,107,105,112,111
1372,12147,Monday,3,4,1933,107,105,112,111
1373,12148,Tuesday,4,4,1933,107,105,112,111
1374,12149,Wednesday,5,4,1933,106,104,112,111
1375,12150,Thursday,6,4,1933,106,104,112,111
1376,12151,Friday,7,4,1933,106,104,112,111
1377,12152,Saturday,8,4,1933,106,104,112,111
1378,12153,Sunday,9,4,1933,106,104,112,111
1379,12154,Monday,10,4,1933,106,104,112,111
1380,12155,Tuesday,11,4,1933,106,104,112,111
1381,12156,Wednesday,12,4,1933,106,104,112,111
1382,12157,Thursday,13,4,1933,106,104,112,111
1383,12158,Friday,14,4,1933,106,104,112,111
1384,12159,Saturday,15,4,1933,106,104,112,111
1385,12160,Sunday,16,4,1933,106,104,112,111
1386,12161,Monday,17,4,1933,106,104,112,111
1387,12162,Tuesday,18,4,1933,106,104,112,111
1388,12163,Wednesday,19,4,1933,106,104,112,111
1389,12164,Thursday,20,4,1933,106,104,112,111
1390,12165,Friday,21,4,1933,106,104,112,111
1391,12166,Saturday,22,4,1933,106,104,112,111
1392,12167,Sunday,23,4,1933,106,104,111,110
1393,12168,Monday,24,4,1933,106,104,111,110
1394,12169,Tuesday,25,4,1933,106,104,111,110
1395,12170,Wednesday,26,4,1933,106,104,111,110
1396,12171,Thursday,27,4,1933,106,104,111,110
1397,12172,Friday,28,4,1933,106,104,111,110
1398,12173,Saturday,29,4,1933,106,104,111,110
1399,12174,Sunday,30,4,1933,105,103,111,110
1400,12175,Monday,1,5,1933,105,103,111,110
1401,12176,Tuesday,2,5,1933,105,103,111,110
1402,12177,Wednesday,3,5,1933,105,103,111,110
1403,12178,Thursday,4,5,1933,105,103,111,110
1404,12179,Friday,5,5,1933,105,103,111,110
1405,12180,Saturday,6,5,1933,105,103,111,110
1406,12181,Sunday,7,5,1933,105,103,111,110
1407,12182,Monday,8,5,1933,105,103,111,110
1408,12183,Tuesday,9,5,1933,105,103,111,110
1409,12184,Wednesday,10,5,1933,105,103,111,110
1410,12185,Thursday,11,5,1933,105,103,111,110
1411,12186,Friday,12,5,1933,105,103,111,110
1412,12187,Saturday,13,5,1933,105,103,111,110
1413,12188,Sunday,14,5,1933,105,103,111,110
1414,12189,Monday,15,5,1933,105,103,111,110
1415,12190,Tuesday,16,5,1933,105,103,111,110
1416,12191,Wednesday,17,5,1933,105,103,111,110
1417,12192,Thursday,18,5,1933,105,103,111,110
1418,12193,Friday,19,5,1933,105,103,111,110
1419,12194,Saturday,20,5,1933,104,102,111,110
1420,12195,Sunday,21,5,1933,104,102,111,110
1421,12196,Monday,22,5,1933,104,102,111,110
1422,12197,Tuesday,23,5,1933,104,102,111,110
1423,12198,Wednesday,24,5,1933,104,102,111,110
1424,12199,Thursday,25,5,1933,104,102,111,110
1425,12200,Friday,26,5,1933,104,102,111,110
1426,12201,Saturday,27,5,1933,104,102,111,110
1427,12202,Sunday,28,5,1933,104,102,111,110
1428,12203,Monday,29,5,1933,104,102,111,110
1429,12204,Tuesday,30,5,1933,104,102,111,110
1430,12205,Wednesday,31,5,1933,104,102,111,110
1431,12206,Thursday,1,6,1933,104,102,111,110
1432,12207,Friday,2,6,1933,104,102,111,110
1433,12208,Saturday,3,6,1933,104,102,111,110
1434,12209,Sunday,4,6,1933,104,102,111,110
1435,12210,Monday,5,6,1933,104,102,111,110
1436,12211,Tuesday,6,6,1933,104,102,111,110
1437,12212,Wednesday,7,6,1933,104,102,111,110
1438,12213,Thursday,8,6,1933,104,102,111,110
1439,12214,Friday,9,6,1933,104,102,111,110
1440,12215,Saturday,10,6,1933,104,102,111,110
1441,12216,Sunday,11,6,1933,104,102,111,110
1442,12217,Monday,12,6,1933,104,102,111,110
1443,12218,Tuesday,13,6,1933,104,102,111,110
1444,12219,Wednesday,14,6,1933,104,102,111,110
1445,12220,Thursday,15,6,1933,104,102,111,110
1446,12221,Friday,16,6,1933,104,102,111,110
1447,12222,Saturday,17,6,1933,104,102,111,110
1448,12223,Sunday,18,6,1933,103,101,111,110
1449,12224,Monday,19,6,1933,103,101,111,110
1450,12225,Tuesday,20,6,1933,103,101,111,110
1451,12226,Wednesday,21,6,1933,103,101,111,110
1452,12227,Thursday,22,6,1933,102,100,111,110
1453,12228,Friday,23,6,1933,102,100,111,110
1454,12229,Saturday,24,6,1933,102,100,111,110
1455,12230,Sunday,25,6,1933,102,100,111,110
1456,12231,Monday,26,6,1933,102,100,111,110
1457,12232,Tuesday,27,6,1933,102,100,111,110
1458,12233,Wednesday,28,6,1933,102,100,111,110
1459,12234,Thursday,29,6,1933,102,100,111,110
1460,12235,Friday,30,6,1933,102,100,111,110
1461,12236,Saturday,1,7,1933,102,100,111,110
1462,12237,Sunday,2,7,1933,102,100,111,110
1463,12238,Monday,3,7,1933,102,100,111,110
1464,12239,Tuesday,4,7,1933,102,100,111,110
1465,12240,Wednesday,5,7,1933,102,100,111,110
1466,12241,Thursday,6,7,1933,102,100,111,110
1467,12242,Friday,7,7,1933,102,100,111,110
1468,12243,Saturday,8,7,1933,102,100,111,110
1469,12244,Sunday,9,7,1933,102,100,111,110
1470,12245,Monday,10,7,1933,102,100,111,110
1471,12246,Tuesday,11,7,1933,102,100,111,110
1472,12247,Wednesday,12,7,1933,102,100,111,110
1473,12248,Thursday,13,7,1933,102,100,111,110
1474,12249,Friday,14,7,1933,102,100,111,110
1475,12250,Saturday,15,7,1933,102,100,111,110
1476,12251,Sunday,16,7,1933,102,100,111,110
1477,12252,Monday,17,7,1933,102,100,111,110
1478,12253,Tuesday,18,7,1933,102,100,111,110
1479,12254,Wednesday,19,7,1933,102,100,111,110
1480,12255,Thursday,20,7,1933,102,100,111,110
1481,12256,Friday,21,7,1933,102,100,111,110
1482,12257,Saturday,22,7,1933,102,100,111,110
1483,12258,Sunday,23,7,1933,102,100,111,110
1484,12259,Monday,24,7,1933,102,100,111,110
1485,12260,Tuesday,25,7,1933,102,100,111,110
1486,12261,Wednesday,26,7,1933,102,100,111,110
1487,12262,Thursday,27,7,1933,102,100,111,110
1488,12263,Friday,28,7,1933,102,100,111,110
1489,12264,Saturday,29,7,1933,102,100,111,110
1490,12265,Sunday,30,7,1933,102,100,111,110
1491,12266,Monday,31,7,1933,102,100,111,110
1492,12267,Tuesday,1,8,1933,102,100,111,110
1493,12268,Wednesday,2,8,1933,102,100,111,110
1494,12269,Thursday,3,8,1933,102,100,111,110
1495,12270,Friday,4,8,1933,102,100,111,110
1496,12271,Saturday,5,8,1933,102,100,111,110
1497,12272,Sunday,6,8,1933,102,100,111,110
1498,12273,Monday,7,8,1933,102,100,111,110
1499,12274,Tuesday,8,8,1933,102,100,111,110
1500,12275,Wednesday,9,8,1933,102,100,111,110
1501,12276,Thursday,10,8,1933,102,100,111,110
1502,12277,Friday,11,8,1933,102,100,111,110
1503,12278,Saturday,12,8,1933,102,100,111,110
1504,12279,Sunday,13,8,1933,102,100,111,110
1505,12280,Monday,14,8,1933,102,100,111,110
1506,12281,Tuesday,15,8,1933,102,100,111,110
1507,12282,Wednesday,16,8,1933,102,100,111,110
1508,12283,Thursday,17,8,1933,102,100,111,110
1509,12284,Friday,18,8,1933,102,100,111,110
1510,12285,Saturday,19,8,1933,102,100,111,110
1511,12286,Sunday,20,8,1933,102,100,111,110
1512,12287,Monday,21,8,1933,102,100,111,110
1513,12288,Tuesday,22,8,1933,102,100,111,110
1514,12289,Wednesday,23,8,1933,102,100,111,110
1515,12290,Thursday,24,8,1933,102,100,111,110
1516,12291,Friday,25,8,1933,102,100,111,110
1517,12292,Saturday,26,8,1933,102,100,111,110
1518,12293,Sunday,27,8,1933,102,100,111,110
1519,12294,Monday,28,8,1933,102,100,111,110
1520,12295,Tuesday,29,8,1933,102,100,111,110
1521,12296,Wednesday,30,8,1933,102,100,111,110
1522,12297,Thursday,31,8,1933,102,100,111,110
1523,12298,Friday,1,9,1933,102,100,111,110
1524,12299,Saturday,2,9,1933,102,100,111,110
1525,12300,Sunday,3,9,1933,102,100,111,110
1526,12301,Monday,4,9,1933,102,100,111,110
1527,12302,Tuesday,5,9,1933,102,100,111,110
1528,12303,Wednesday,6,9,1933,102,100,111,110
1529,12304,Thursday,7,9,1933,102,100,110,109
1530,12305,Friday,8,9,1933,102,100,110,109
1531,12306,Saturday,9,9,1933,102,100,110,109
1532,12307,Sunday,10,9,1933,102,100,110,109
1533,12308,Monday,11,9,1933,102,100,110,109
1534,12309,Tuesday,12,9,1933,102,100,110,109
1535,12310,Wednesday,13,9,1933,102,100,110,109
1536,12311,Thursday,14,9,1933,102,100,110,109
1537,12312,Friday,15,9,1933,102,100,110,109
1538,12313,Saturday,16,9,1933,102,100,110,109
1539,12314,Sunday,17,9,1933,102,100,110,109
1540,12315,Monday,18,9,1933,102,100,110,109
1541,12316,Tuesday,19,9,1933,102,100,110,109
1542,12317,Wednesday,20,9,1933,102,100,110,109
1543,12318,Thursday,21,9,1933,102,100,110,109
1544,12319,Friday,22,9,1933,102,100,111,110
1545,12320,Saturday,23,9,1933,102,100,111,110
1546,12321,Sunday,24,9,1933,102,100,111,110
1547,12322,Monday,25,9,1933,102,100,111,110
1548,12323,Tuesday,26,9,1933,102,100,111,110
1549,12324,Wednesday,27,9,1933,102,100,111,110
1550,12325,Thursday,28,9,1933,102,100,111,110
1551,12326,Friday,29,9,1933,102,100,111,110
1552,12327,Saturday,30,9,1933,102,100,111,110
1553,12328,Sunday,1,10,1933,102,100,111,110
1554,12329,Monday,2,10,1933,102,100,111,110
1555,12330,Tuesday,3,10,1933,102,100,111,110
1556,12331,Wednesday,4,10,1933,102,100,111,110
1557,12332,Thursday,5,10,1933,102,100,111,110
1558,12333,Friday,6,10,1933,102,100,111,110
1559,12334,Saturday,7,10,1933,102,100,111,110
1560,12335,Sunday,8,10,1933,102,100,111,110
1561,12336,Monday,9,10,1933,102,100,111,110
1562,12337,Tuesday,10,10,1933,102,100,111,110
1563,12338,Wednesday,11,10,1933,102,100,111,110
1564,12339,Thursday,12,10,1933,102,100,111,110
1565,12340,Friday,13,10,1933,102,100,111,110
1566,12341,Saturday,14,10,1933,102,100,111,110
1567,12342,Sunday,15,10,1933,102,100,111,110
1568,12343,Monday,16,10,1933,102,100,111,110
1569,12344,Tuesday,17,10,1933,102,100,111,110
1570,12345,Wednesday,18,10,1933,102,100,111,110
1571,12346,Thursday,19,10,1933,102,100,111,110
1572,12347,Friday,20,10,1933,102,100,111,110
1573,12348,Saturday,21,10,1933,102,100,111,110
1574,12349,Sunday,22,10,1933,102,100,111,110
1575,12350,Monday,23,10,1933,102,100,111,110
1576,12351,Tuesday,24,10,1933,102,100,111,110
1577,12352,Wednesday,25,10,1933,102,100,111,110
1578,12353,Thursday,26,10,1933,102,100,111,110
1579,12354,Friday,27,10,1933,102,100,111,110
1580,12355,Saturday,28,10,1933,102,100,111,110
1581,12356,Sunday,29,10,1933,102,100,111,110
1582,12357,Monday,30,10,1933,102,100,111,110
1583,12358,Tuesday,31,10,1933,102,100,111,110
1584,12359,Wednesday,1,11,1933,102,100,111,110
1585,12360,Thursday,2,11,1933,102,100,111,110
1586,12361,Friday,3,11,1933,102,100,111,110
1587,12362,Saturday,4,11,1933,102,100,111,110
1588,12363,Sunday,5,11,1933,102,100,111,110
1589,12364,Monday,6,11,1933,102,100,111,110
1590,12365,Tuesday,7,11,1933,102,100,111,110
1591,12366,Wednesday,8,11,1933,102,100,111,110
1592,12367,Thursday,9,11,1933,102,100,111,110
1593,12368,Friday,10,11,1933,102,100,111,110
1594,12369,Saturday,11,11,1933,102,100,111,110
1595,12370,Sunday,12,11,1933,102,100,111,110
1596,12371,Monday,13,11,1933,102,100,111,110
1597,12372,Tuesday,14,11,1933,102,100,111,110
1598,12373,Wednesday,15,11,1933,102,100,111,110
1599,12374,Thursday,16,11,1933,102,100,111,110
1600,12375,Friday,17,11,1933,102,100,111,110
1601,12376,Saturday,18,11,1933,102,100,111,110
1602,12377,Sunday,19,11,1933,102,100,111,110
1603,12378,Monday,20,11,1933,102,100,111,110
1604,12379,Tuesday,21,11,1933,102,100,111,110
1605,12380,Wednesday,22,11,1933,102,100,111,110
1606,12381,Thursday,23,11,1933,102,100,111,110
1607,12382,Friday,24,11,1933,102,100,111,110
1608,12383,Saturday,25,11,1933,102,100,111,110
1609,12384,Sunday,26,11,1933,102,100,111,110
1610,12385,Monday,27,11,1933,102,100,111,110
1611,12386,Tuesday,28,11,1933,102,100,111,110
1612,12387,Wednesday,29,11,1933,102,100,111,110
1613,12388,Thursday,30,11,1933,102,101,111,110
1614,12389,Friday,1,12,1933,102,101,111,110
1615,12390,Saturday,2,12,1933,102,101,111,110
1616,12391,Sunday,3,12,1933,102,101,111,110
1617,12392,Monday,4,12,1933,102,101,111,110
1618,12393,Tuesday,5,12,1933,102,101,111,110
1619,12394,Wednesday,6,12,1933,102,102,111,110
1620,12395,Thursday,7,12,1933,102,102,111,110
1621,12396,Friday,8,12,1933,102,102,111,110
1622,12397,Saturday,9,12,1933,102,102,111,110
1623,12398,Sunday,10,12,1933,102,102,111,110
1624,12399,Monday,11,12,1933,102,102,111,110
1625,12400,Tuesday,12,12,1933,102,102,111,110
1626,12401,Wednesday,13,12,1933,102,102,111,110
1627,12402,Thursday,14,12,1933,102,102,111,110
1628,12403,Friday,15,12,1933,102,102,111,110
1629,12404,Saturday,16,12,1933,102,102,111,110
1630,12405,Sunday,17,12,1933,102,102,111,110
1631,12406,Monday,18,12,1933,102,102,111,110
1632,12407,Tuesday,19,12,1933,102,102,111,110
1633,12408,Wednesday,20,12,1933,102,102,111,110
1634,12409,Thursday,21,12,1933,102,102,111,110
1635,12410,Friday,22,12,1933,102,102,111,110
1636,12411,Saturday,23,12,1933,102,102,111,110
1637,12412,Sunday,24,12,1933,102,102,111,110
1638,12413,Monday,25,12,1933,102,102,111,110
1639,12414,Tuesday,26,12,1933,102,102,111,110
1640,12415,Wednesday,27,12,1933,102,102,111,110
1641,12416,Thursday,28,12,1933,102,102,111,110
1642,12417,Friday,29,12,1933,102,102,111,110
1643,12418,Saturday,30,12,1933,102,102,111,110
1644,12419,Sunday,31,12,1933,102,102,111,110
1645,12420,Monday,1,1,1934,102,102,111,110
1646,12421,Tuesday,2,1,1934,102,102,111,110
1647,12422,Wednesday,3,1,1934,102,102,111,110
1648,12423,Thursday,4,1,1934,102,102,111,110
1649,12424,Friday,5,1,1934,102,102,111,110
1650,12425,Saturday,6,1,1934,102,102,111,110
1651,12426,Sunday,7,1,1934,102,102,111,110
1652,12427,Monday,8,1,1934,102,102,111,110
1653,12428,Tuesday,9,1,1934,102,102,111,110
1654,12429,Wednesday,10,1,1934,102,102,111,110
1655,12430,Thursday,11,1,1934,102,102,111,110
1656,12431,Friday,12,1,1934,102,102,111,110
1657,12432,Saturday,13,1,1934,102,102,110,109
1658,12433,Sunday,14,1,1934,102,102,110,109
1659,12434,Monday,15,1,1934,102,102,110,109
1660,12435,Tuesday,16,1,1934,102,102,110,109
1661,12436,Wednesday,17,1,1934,102,102,110,109
1662,12437,Thursday,18,1,1934,102,102,110,109
1663,12438,Friday,19,1,1934,102,102,110,109
1664,12439,Saturday,20,1,1934,102,102,110,109
1665,12440,Sunday,21,1,1934,102,102,110,109
1666,12441,Monday,22,1,1934,102,102,110,109
1667,12442,Tuesday,23,1,1934,102,102,110,109
1668,12443,Wednesday,24,1,1934,102,102,110,109
1669,12444,Thursday,25,1,1934,102,102,110,109
1670,12445,Friday,26,1,1934,102,102,110,109
1671,12446,Saturday,27,1,1934,102,102,110,109
1672,12447,Sunday,28,1,1934,102,102,110,109
1673,12448,Monday,29,1,1934,102,102,110,109
1674,12449,Tuesday,30,1,1934,102,102,110,109
1675,12450,Wednesday,31,1,1934,102,102,110,109
1676,12451,Thursday,1,2,1934,102,102,110,109
1677,12452,Friday,2,2,1934,102,102,110,109
1678,12453,Saturday,3,2,1934,102,102,110,109
1679,12454,Sunday,4,2,1934,102,102,110,109
1680,12455,Monday,5,2,1934,102,102,110,109
1681,12456,Tuesday,6,2,1934,102,102,110,109
1682,12457,Wednesday,7,2,1934,102,102,110,109
1683,12458,Thursday,8,2,1934,102,102,110,109
1684,12459,Friday,9,2,1934,102,102,110,109
1685,12460,Saturday,10,2,1934,102,102,110,109
1686,12461,Sunday,11,2,1934,102,102,110,109
1687,12462,Monday,12,2,1934,102,102,110,109
1688,12463,Tuesday,13,2,1934,102,102,110,109
1689,12464,Wednesday,14,2,1934,102,102,110,109
1690,12465,Thursday,15,2,1934,102,102,110,109
1691,12466,Friday,16,2,1934,102,102,110,109
1692,12467,Saturday,17,2,1934,102,102,110,109
1693,12468,Sunday,18,2,1934,102,102,110,109
1694,12469,Monday,19,2,1934,102,102,110,109
1695,12470,Tuesday,20,2,1934,102,102,110,109
1696,12471,Wednesday,21,2,1934,102,102,110,109
1697,12472,Thursday,22,2,1934,102,102,110,109
1698,12473,Friday,23,2,1934,102,102,110,109
1699,12474,Saturday,24,2,1934,102,102,110,109
1700,12475,Sunday,25,2,1934,102,102,110,109
1701,12476,Monday,26,2,1934,102,102,110,109
1702,12477,Tuesday,27,2,1934,102,102,110,109
1703,12478,Wednesday,28,2,1934,102,102,110,109
1704,12479,Thursday,1,3,1934,102,102,110,109
1705,12480,Friday,2,3,1934,102,102,110,109
1706,12481,Saturday,3,3,1934,102,102,110,109
1707,12482,Sunday,4,3,1934,102,102,110,109
1708,12483,Monday,5,3,1934,102,102,110,109
1709,12484,Tuesday,6,3,1934,102,102,110,109
1710,12485,Wednesday,7,3,1934,102,102,110,109
1711,12486,Thursday,8,3,1934,102,102,110,109
1712,12487,Friday,9,3,1934,102,102,110,109
1713,12488,Saturday,10,3,1934,102,102,110,109
1714,12489,Sunday,11,3,1934,102,102,110,109
1715,12490,Monday,12,3,1934,102,102,110,109
1716,12491,Tuesday,13,3,1934,102,102,110,109
1717,12492,Wednesday,14,3,1934,102,102,110,109
1718,12493,Thursday,15,3,1934,102,102,110,109
1719,12494,Friday,16,3,1934,102,102,110,109
1720,12495,Saturday,17,3,1934,102,102,110,109
1721,12496,Sunday,18,3,1934,102,102,110,109
1722,12497,Monday,19,3,1934,102,102,110,109
1723,12498,Tuesday,20,3,1934,102,102,110,109
1724,12499,Wednesday,21,3,1934,102,102,110,109
1725,12500,Thursday,22,3,1934,102,102,110,109
1726,12501,Friday,23,3,1934,102,102,110,109
1727,12502,Saturday,24,3,1934,102,102,110,109
1728,12503,Sunday,25,3,1934,102,102,110,109
1729,12504,Monday,26,3,1934,102,102,110,109
1730,12505,Tuesday,27,3,1934,102,102,110,109
1731,12506,Wednesday,28,3,1934,102,102,110,109
1732,12507,Thursday,29,3,1934,102,102,110,109
1733,12508,Friday,30,3,1934,102,102,110,109
1734,12509,Saturday,31,3,1934,102,102,110,109
1735,12510,Sunday,1,4,1934,102,102,110,109
1736,12511,Monday,2,4,1934,102,102,110,109
1737,12512,Tuesday,3,4,1934,102,102,110,109
1738,12513,Wednesday,4,4,1934,102,102,110,109
1739,12514,Thursday,5,4,1934,102,102,110,109
1740,12515,Friday,6,4,1934,102,102,110,109
1741,12516,Saturday,7,4,1934,102,102,110,109
1742,12517,Sunday,8,4,1934,102,102,110,109
1743,12518,Monday,9,4,1934,102,102,110,109
1744,12519,Tuesday,10,4,1934,102,102,110,109
1745,12520,Wednesday,11,4,1934,102,102,110,109
1746,12521,Thursday,12,4,1934,102,102,110,109
1747,12522,Friday,13,4,1934,102,102,110,109
1748,12523,Saturday,14,4,1934,102,102,110,109
1749,12524,Sunday,15,4,1934,102,102,110,109
1750,12525,Monday,16,4,1934,102,102,110,109
1751,12526,Tuesday,17,4,1934,102,102,110,109
1752,12527,Wednesday,18,4,1934,102,102,110,109
1753,12528,Thursday,19,4,1934,102,102,110,109
1754,12529,Friday,20,4,1934,102,102,110,109
1755,12530,Saturday,21,4,1934,102,102,110,109
1756,12531,Sunday,22,4,1934,102,102,110,109
1757,12532,Monday,23,4,1934,102,102,110,109
1758,12533,Tuesday,24,4,1934,102,102,110,109
1759,12534,Wednesday,25,4,1934,102,102,110,109
1760,12535,Thursday,26,4,1934,102,102,110,109
1761,12536,Friday,27,4,1934,102,102,110,109
1762,12537,Saturday,28,4,1934,102,102,110,109
1763,12538,Sunday,29,4,1934,102,102,110,109
1764,12539,Monday,30,4,1934,102,102,110,109
1765,12540,Tuesday,1,5,1934,102,102,110,109
1766,12541,Wednesday,2,5,1934,102,102,110,109
1767,12542,Thursday,3,5,1934,102,102,110,109
1768,12543,Friday,4,5,1934,102,102,110,109
1769,12544,Saturday,5,5,1934,102,102,110,109
1770,12545,Sunday,6,5,1934,102,102,110,109
1771,12546,Monday,7,5,1934,102,102,110,109
1772,12547,Tuesday,8,5,1934,102,102,110,109
1773,12548,Wednesday,9,5,1934,102,102,110,109
1774,12549,Thursday,10,5,1934,102,102,110,109
1775,12550,Friday,11,5,1934,102,102,110,109
1776,12551,Saturday,12,5,1934,102,102,110,109
1777,12552,Sunday,13,5,1934,102,102,110,109
1778,12553,Monday,14,5,1934,102,102,110,109
1779,12554,Tuesday,15,5,1934,102,102,110,109
1780,12555,Wednesday,16,5,1934,102,102,110,109
1781,12556,Thursday,17,5,1934,102,102,110,109
1782,12557,Friday,18,5,1934,102,102,110,109
1783,12558,Saturday,19,5,1934,102,102,110,109
1784,12559,Sunday,20,5,1934,102,102,110,109
1785,12560,Monday,21,5,1934,102,102,110,109
1786,12561,Tuesday,22,5,1934,102,102,110,109
1787,12562,Wednesday,23,5,1934,102,102,110,109
1788,12563,Thursday,24,5,1934,102,102,110,109
1789,12564,Friday,25,5,1934,102,102,110,109
1790,12565,Saturday,26,5,1934,102,102,110,109
1791,12566,Sunday,27,5,1934,102,102,110,109
1792,12567,Monday,28,5,1934,102,102,110,109
1793,12568,Tuesday,29,5,1934,102,102,110,109
1794,12569,Wednesday,30,5,1934,102,102,110,109
1795,12570,Thursday,31,5,1934,102,102,110,109
1796,12571,Friday,1,6,1934,102,102,110,109
1797,12572,Saturday,2,6,1934,102,102,110,109
1798,12573,Sunday,3,6,1934,102,102,110,109
1799,12574,Monday,4,6,1934,102,102,110,109
1800,12575,Tuesday,5,6,1934,102,102,110,109
1801,12576,Wednesday,6,6,1934,102,102,110,109
1802,12577,Thursday,7,6,1934,102,102,110,109
1803,12578,Friday,8,6,1934,102,102,110,109
1804,12579,Saturday,9,6,1934,102,102,110,109
1805,12580,Sunday,10,6,1934,102,102,110,109
1806,12581,Monday,11,6,1934,102,102,110,109
1807,12582,Tuesday,12,6,1934,102,102,110,109
1808,12583,Wednesday,13,6,1934,102,102,110,109
1809,12584,Thursday,14,6,1934,102,102,110,109
1810,12585,Friday,15,6,1934,102,102,110,109
1811,12586,Saturday,16,6,1934,102,102,110,109
1812,12587,Sunday,17,6,1934,102,102,110,109
1813,12588,Monday,18,6,1934,102,102,110,109
1814,12589,Tuesday,19,6,1934,102,102,110,109
1815,12590,Wednesday,20,6,1934,102,102,110,109
1816,12591,Thursday,21,6,1934,102,102,110,109
1817,12592,Friday,22,6,1934,102,102,110,109
1818,12593,Saturday,23,6,1934,102,102,110,109
1819,12594,Sunday,24,6,1934,102,102,110,109
1820,12595,Monday,25,6,1934,102,102,110,109
1821,12596,Tuesday,26,6,1934,102,102,110,109
1822,12597,Wednesday,27,6,1934,102,102,110,109
1823,12598,Thursday,28,6,1934,102,102,110,109
1824,12599,Friday,29,6,1934,102,102,110,109
1825,12600,Saturday,30,6,1934,102,102,110,109
1826,12601,Sunday,1,7,1934,102,102,109,108
1827,12602,Monday,2,7,1934,102,102,109,108
1828,12603,Tuesday,3,7,1934,102,102,109,108
1829,12604,Wednesday,4,7,1934,102,102,109,108
1830,12605,Thursday,5,7,1934,102,102,109,108
1831,12606,Friday,6,7,1934,102,102,109,108
1832,12607,Saturday,7,7,1934,102,102,109,108
1833,12608,Sunday,8,7,1934,102,102,109,108
1834,12609,Monday,9,7,1934,102,102,109,108
1835,12610,Tuesday,10,7,1934,102,102,109,108
1836,12611,Wednesday,11,7,1934,102,102,109,108
1837,12612,Thursday,12,7,1934,102,102,109,108
1838,12613,Friday,13,7,1934,102,102,109,108
1839,12614,Saturday,14,7,1934,102,102,109,108
1840,12615,Sunday,15,7,1934,102,102,109,108
1841,12616,Monday,16,7,1934,102,102,109,108
1842,12617,Tuesday,17,7,1934,102,102,109,108
1843,12618,Wednesday,18,7,1934,102,102,109,108
1844,12619,Thursday,19,7,1934,102,102,109,108
1845,12620,Friday,20,7,1934,102,103,109,108
1846,12621,Saturday,21,7,1934,102,103,109,108
1847,12622,Sunday,22,7,1934,102,103,109,108
1848,12623,Monday,23,7,1934,102,103,109,108
1849,12624,Tuesday,24,7,1934,102,103,109,108
1850,12625,Wednesday,25,7,1934,102,103,109,108
1851,12626,Thursday,26,7,1934,102,103,109,108
1852,12627,Friday,27,7,1934,102,103,109,108
1853,12628,Saturday,28,7,1934,102,103,109,108
1854,12629,Sunday,29,7,1934,102,103,109,108
1855,12630,Monday,30,7,1934,102,103,109,108
1856,12631,Tuesday,31,7,1934,102,103,109,108
1857,12632,Wednesday,1,8,1934,102,103,109,108
1858,12633,Thursday,2,8,1934,102,103,109,108
1859,12634,Friday,3,8,1934,102,103,109,108
1860,12635,Saturday,4,8,1934,102,103,109,108
1861,12636,Sunday,5,8,1934,102,103,109,108
1862,12637,Monday,6,8,1934,102,103,109,108
1863,12638,Tuesday,7,8,1934,102,103,109,108
1864,12639,Wednesday,8,8,1934,102,103,109,108
1865,12640,Thursday,9,8,1934,102,103,109,108
1866,12641,Friday,10,8,1934,102,103,109,108
1867,12642,Saturday,11,8,1934,102,103,109,108
1868,12643,Sunday,12,8,1934,102,103,109,108
1869,12644,Monday,13,8,1934,102,103,109,108
1870,12645,Tuesday,14,8,1934,102,103,109,108
1871,12646,Wednesday,15,8,1934,102,103,109,108
1872,12647,Thursday,16,8,1934,102,103,109,108
1873,12648,Friday,17,8,1934,102,103,109,108
1874,12649,Saturday,18,8,1934,102,103,109,108
1875,12650,Sunday,19,8,1934,102,103,109,108
1876,12651,Monday,20,8,1934,102,103,109,108
1877,12652,Tuesday,21,8,1934,102,103,109,109
